model_id,rank,ensemble_weight,type,cost,duration
9,1,0.18,gradient_boosting,0.02518518518518518,10.147644519805908
16,2,0.04,extra_trees,0.028148148148148148,9.919225215911865
3,3,0.04,extra_trees,0.02962962962962961,7.6112940311431885
15,4,0.02,random_forest,0.031111111111111114,7.908910036087036
2,5,0.02,gradient_boosting,0.0325925925925926,11.945690870285034
17,6,0.04,extra_trees,0.03296296296296297,7.422123908996582
10,7,0.06,extra_trees,0.03777777777777778,7.394704818725586
18,8,0.16,gradient_boosting,0.05592592592592594,5.540067195892334
11,9,0.06,gradient_boosting,0.08925925925925925,9.386637926101685
6,10,0.26,mlp,0.5111111111111112,19.70253324508667
12,11,0.12,sgd,0.6077777777777778,6.821692228317261
9,1,0.18,gradient_boosting,0.02518518518518518,10.147644519805908
16,2,0.04,extra_trees,0.028148148148148148,9.919225215911865
3,3,0.04,extra_trees,0.02962962962962961,7.6112940311431885
15,4,0.02,random_forest,0.031111111111111114,7.908910036087036
2,5,0.02,gradient_boosting,0.0325925925925926,11.945690870285034
17,6,0.04,extra_trees,0.03296296296296297,7.422123908996582
10,7,0.06,extra_trees,0.03777777777777778,7.394704818725586
18,8,0.16,gradient_boosting,0.05592592592592594,5.540067195892334
11,9,0.06,gradient_boosting,0.08925925925925925,9.386637926101685
6,10,0.26,mlp,0.5111111111111112,19.70253324508667
12,11,0.12,sgd,0.6077777777777778,6.821692228317261
9,1,0.18,gradient_boosting,0.02518518518518518,10.147644519805908
16,2,0.04,extra_trees,0.028148148148148148,9.919225215911865
3,3,0.04,extra_trees,0.02962962962962961,7.6112940311431885
15,4,0.02,random_forest,0.031111111111111114,7.908910036087036
2,5,0.02,gradient_boosting,0.0325925925925926,11.945690870285034
17,6,0.04,extra_trees,0.03296296296296297,7.422123908996582
10,7,0.06,extra_trees,0.03777777777777778,7.394704818725586
18,8,0.16,gradient_boosting,0.05592592592592594,5.540067195892334
11,9,0.06,gradient_boosting,0.08925925925925925,9.386637926101685
6,10,0.26,mlp,0.5111111111111112,19.70253324508667
12,11,0.12,sgd,0.6077777777777778,6.821692228317261
9,1,0.18,gradient_boosting,0.02518518518518518,10.147644519805908
16,2,0.04,extra_trees,0.028148148148148148,9.919225215911865
3,3,0.04,extra_trees,0.02962962962962961,7.6112940311431885
15,4,0.02,random_forest,0.031111111111111114,7.908910036087036
2,5,0.02,gradient_boosting,0.0325925925925926,11.945690870285034
17,6,0.04,extra_trees,0.03296296296296297,7.422123908996582
10,7,0.06,extra_trees,0.03777777777777778,7.394704818725586
18,8,0.16,gradient_boosting,0.05592592592592594,5.540067195892334
11,9,0.06,gradient_boosting,0.08925925925925925,9.386637926101685
6,10,0.26,mlp,0.5111111111111112,19.70253324508667
12,11,0.12,sgd,0.6077777777777778,6.821692228317261
9,1,0.18,gradient_boosting,0.02518518518518518,10.147644519805908
16,2,0.04,extra_trees,0.028148148148148148,9.919225215911865
3,3,0.04,extra_trees,0.02962962962962961,7.6112940311431885
15,4,0.02,random_forest,0.031111111111111114,7.908910036087036
2,5,0.02,gradient_boosting,0.0325925925925926,11.945690870285034
17,6,0.04,extra_trees,0.03296296296296297,7.422123908996582
10,7,0.06,extra_trees,0.03777777777777778,7.394704818725586
18,8,0.16,gradient_boosting,0.05592592592592594,5.540067195892334
11,9,0.06,gradient_boosting,0.08925925925925925,9.386637926101685
6,10,0.26,mlp,0.5111111111111112,19.70253324508667
12,11,0.12,sgd,0.6077777777777778,6.821692228317261
9,1,0.18,gradient_boosting,0.02518518518518518,10.147644519805908
16,2,0.04,extra_trees,0.028148148148148148,9.919225215911865
3,3,0.04,extra_trees,0.02962962962962961,7.6112940311431885
15,4,0.02,random_forest,0.031111111111111114,7.908910036087036
2,5,0.02,gradient_boosting,0.0325925925925926,11.945690870285034
17,6,0.04,extra_trees,0.03296296296296297,7.422123908996582
10,7,0.06,extra_trees,0.03777777777777778,7.394704818725586
18,8,0.16,gradient_boosting,0.05592592592592594,5.540067195892334
11,9,0.06,gradient_boosting,0.08925925925925925,9.386637926101685
6,10,0.26,mlp,0.5111111111111112,19.70253324508667
12,11,0.12,sgd,0.6077777777777778,6.821692228317261
9,1,0.18,gradient_boosting,0.02518518518518518,10.147644519805908
16,2,0.04,extra_trees,0.028148148148148148,9.919225215911865
3,3,0.04,extra_trees,0.02962962962962961,7.6112940311431885
15,4,0.02,random_forest,0.031111111111111114,7.908910036087036
2,5,0.02,gradient_boosting,0.0325925925925926,11.945690870285034
17,6,0.04,extra_trees,0.03296296296296297,7.422123908996582
10,7,0.06,extra_trees,0.03777777777777778,7.394704818725586
18,8,0.16,gradient_boosting,0.05592592592592594,5.540067195892334
11,9,0.06,gradient_boosting,0.08925925925925925,9.386637926101685
6,10,0.26,mlp,0.5111111111111112,19.70253324508667
12,11,0.12,sgd,0.6077777777777778,6.821692228317261
9,1,0.18,gradient_boosting,0.02518518518518518,10.147644519805908
16,2,0.04,extra_trees,0.028148148148148148,9.919225215911865
3,3,0.04,extra_trees,0.02962962962962961,7.6112940311431885
15,4,0.02,random_forest,0.031111111111111114,7.908910036087036
2,5,0.02,gradient_boosting,0.0325925925925926,11.945690870285034
17,6,0.04,extra_trees,0.03296296296296297,7.422123908996582
10,7,0.06,extra_trees,0.03777777777777778,7.394704818725586
18,8,0.16,gradient_boosting,0.05592592592592594,5.540067195892334
11,9,0.06,gradient_boosting,0.08925925925925925,9.386637926101685
6,10,0.26,mlp,0.5111111111111112,19.70253324508667
12,11,0.12,sgd,0.6077777777777778,6.821692228317261
18,1,0.18,extra_trees,0.001851851851851838,10.495151042938232
7,2,0.02,gradient_boosting,0.0018518518518518602,10.692975759506226
11,3,0.02,gradient_boosting,0.0022222222222222144,9.176049709320068
5,4,0.02,extra_trees,0.002962962962962967,7.84850287437439
9,5,0.02,gradient_boosting,0.002962962962962967,9.08938455581665
20,6,0.02,gradient_boosting,0.002962962962962967,7.467572927474976
4,7,0.02,gradient_boosting,0.0037037037037036978,12.548988103866577
10,8,0.22,mlp,0.007407407407407419,24.6109516620636
12,9,0.02,extra_trees,0.0162962962962963,7.941518783569336
13,10,0.1,gradient_boosting,0.03851851851851851,9.202735900878906
16,11,0.06,gradient_boosting,0.0411111111111111,9.036167621612549
8,12,0.22,mlp,0.417037037037037,20.32907485961914
14,13,0.08,sgd,0.582962962962963,6.876018762588501
18,1,0.18,extra_trees,0.001851851851851838,10.495151042938232
7,2,0.02,gradient_boosting,0.0018518518518518602,10.692975759506226
11,3,0.02,gradient_boosting,0.0022222222222222144,9.176049709320068
5,4,0.02,extra_trees,0.002962962962962967,7.84850287437439
9,5,0.02,gradient_boosting,0.002962962962962967,9.08938455581665
20,6,0.02,gradient_boosting,0.002962962962962967,7.467572927474976
4,7,0.02,gradient_boosting,0.0037037037037036978,12.548988103866577
10,8,0.22,mlp,0.007407407407407419,24.6109516620636
12,9,0.02,extra_trees,0.0162962962962963,7.941518783569336
13,10,0.1,gradient_boosting,0.03851851851851851,9.202735900878906
16,11,0.06,gradient_boosting,0.0411111111111111,9.036167621612549
8,12,0.22,mlp,0.417037037037037,20.32907485961914
14,13,0.08,sgd,0.582962962962963,6.876018762588501
18,1,0.18,extra_trees,0.001851851851851838,10.495151042938232
7,2,0.02,gradient_boosting,0.0018518518518518602,10.692975759506226
11,3,0.02,gradient_boosting,0.0022222222222222144,9.176049709320068
5,4,0.02,extra_trees,0.002962962962962967,7.84850287437439
9,5,0.02,gradient_boosting,0.002962962962962967,9.08938455581665
20,6,0.02,gradient_boosting,0.002962962962962967,7.467572927474976
4,7,0.02,gradient_boosting,0.0037037037037036978,12.548988103866577
10,8,0.22,mlp,0.007407407407407419,24.6109516620636
12,9,0.02,extra_trees,0.0162962962962963,7.941518783569336
13,10,0.1,gradient_boosting,0.03851851851851851,9.202735900878906
16,11,0.06,gradient_boosting,0.0411111111111111,9.036167621612549
8,12,0.22,mlp,0.417037037037037,20.32907485961914
14,13,0.08,sgd,0.582962962962963,6.876018762588501
18,1,0.18,extra_trees,0.001851851851851838,10.495151042938232
7,2,0.02,gradient_boosting,0.0018518518518518602,10.692975759506226
11,3,0.02,gradient_boosting,0.0022222222222222144,9.176049709320068
5,4,0.02,extra_trees,0.002962962962962967,7.84850287437439
9,5,0.02,gradient_boosting,0.002962962962962967,9.08938455581665
20,6,0.02,gradient_boosting,0.002962962962962967,7.467572927474976
4,7,0.02,gradient_boosting,0.0037037037037036978,12.548988103866577
10,8,0.22,mlp,0.007407407407407419,24.6109516620636
12,9,0.02,extra_trees,0.0162962962962963,7.941518783569336
13,10,0.1,gradient_boosting,0.03851851851851851,9.202735900878906
16,11,0.06,gradient_boosting,0.0411111111111111,9.036167621612549
8,12,0.22,mlp,0.417037037037037,20.32907485961914
14,13,0.08,sgd,0.582962962962963,6.876018762588501
18,1,0.18,extra_trees,0.001851851851851838,10.495151042938232
7,2,0.02,gradient_boosting,0.0018518518518518602,10.692975759506226
11,3,0.02,gradient_boosting,0.0022222222222222144,9.176049709320068
5,4,0.02,extra_trees,0.002962962962962967,7.84850287437439
9,5,0.02,gradient_boosting,0.002962962962962967,9.08938455581665
20,6,0.02,gradient_boosting,0.002962962962962967,7.467572927474976
4,7,0.02,gradient_boosting,0.0037037037037036978,12.548988103866577
10,8,0.22,mlp,0.007407407407407419,24.6109516620636
12,9,0.02,extra_trees,0.0162962962962963,7.941518783569336
13,10,0.1,gradient_boosting,0.03851851851851851,9.202735900878906
16,11,0.06,gradient_boosting,0.0411111111111111,9.036167621612549
8,12,0.22,mlp,0.417037037037037,20.32907485961914
14,13,0.08,sgd,0.582962962962963,6.876018762588501
18,1,0.18,extra_trees,0.001851851851851838,10.495151042938232
7,2,0.02,gradient_boosting,0.0018518518518518602,10.692975759506226
11,3,0.02,gradient_boosting,0.0022222222222222144,9.176049709320068
5,4,0.02,extra_trees,0.002962962962962967,7.84850287437439
9,5,0.02,gradient_boosting,0.002962962962962967,9.08938455581665
20,6,0.02,gradient_boosting,0.002962962962962967,7.467572927474976
4,7,0.02,gradient_boosting,0.0037037037037036978,12.548988103866577
10,8,0.22,mlp,0.007407407407407419,24.6109516620636
12,9,0.02,extra_trees,0.0162962962962963,7.941518783569336
13,10,0.1,gradient_boosting,0.03851851851851851,9.202735900878906
16,11,0.06,gradient_boosting,0.0411111111111111,9.036167621612549
8,12,0.22,mlp,0.417037037037037,20.32907485961914
14,13,0.08,sgd,0.582962962962963,6.876018762588501
18,1,0.18,extra_trees,0.001851851851851838,10.495151042938232
7,2,0.02,gradient_boosting,0.0018518518518518602,10.692975759506226
11,3,0.02,gradient_boosting,0.0022222222222222144,9.176049709320068
5,4,0.02,extra_trees,0.002962962962962967,7.84850287437439
9,5,0.02,gradient_boosting,0.002962962962962967,9.08938455581665
20,6,0.02,gradient_boosting,0.002962962962962967,7.467572927474976
4,7,0.02,gradient_boosting,0.0037037037037036978,12.548988103866577
10,8,0.22,mlp,0.007407407407407419,24.6109516620636
12,9,0.02,extra_trees,0.0162962962962963,7.941518783569336
13,10,0.1,gradient_boosting,0.03851851851851851,9.202735900878906
16,11,0.06,gradient_boosting,0.0411111111111111,9.036167621612549
8,12,0.22,mlp,0.417037037037037,20.32907485961914
14,13,0.08,sgd,0.582962962962963,6.876018762588501
18,1,0.18,extra_trees,0.001851851851851838,10.495151042938232
7,2,0.02,gradient_boosting,0.0018518518518518602,10.692975759506226
11,3,0.02,gradient_boosting,0.0022222222222222144,9.176049709320068
5,4,0.02,extra_trees,0.002962962962962967,7.84850287437439
9,5,0.02,gradient_boosting,0.002962962962962967,9.08938455581665
20,6,0.02,gradient_boosting,0.002962962962962967,7.467572927474976
4,7,0.02,gradient_boosting,0.0037037037037036978,12.548988103866577
10,8,0.22,mlp,0.007407407407407419,24.6109516620636
12,9,0.02,extra_trees,0.0162962962962963,7.941518783569336
13,10,0.1,gradient_boosting,0.03851851851851851,9.202735900878906
16,11,0.06,gradient_boosting,0.0411111111111111,9.036167621612549
8,12,0.22,mlp,0.417037037037037,20.32907485961914
14,13,0.08,sgd,0.582962962962963,6.876018762588501
19,1,0.06,extra_trees,0.0003703703703703765,10.030522108078003
8,2,0.1,gradient_boosting,0.0003703703703703765,10.803308725357056
20,3,0.06,extra_trees,0.0007407407407407307,7.380472898483276
5,4,0.02,gradient_boosting,0.000740740740740753,12.644188165664673
12,5,0.06,gradient_boosting,0.000740740740740753,9.340656518936157
6,6,0.02,extra_trees,0.0011111111111111072,7.760543584823608
10,7,0.06,gradient_boosting,0.0011111111111111295,9.356359958648682
18,8,0.06,random_forest,0.003333333333333344,7.661438703536987
14,9,0.04,gradient_boosting,0.007407407407407418,9.521828651428223
13,10,0.1,extra_trees,0.008148148148148147,7.8876566886901855
21,11,0.02,gradient_boosting,0.008518518518518503,6.434703350067139
11,12,0.06,mlp,0.00888888888888888,24.14502716064453
17,13,0.06,gradient_boosting,0.014444444444444461,8.993767976760864
7,14,0.1,sgd,0.02259259259259259,7.083339691162109
16,15,0.02,gradient_boosting,0.26666666666666666,9.03150749206543
9,16,0.1,mlp,0.48444444444444446,20.856080770492554
15,17,0.06,sgd,0.6807407407407409,7.206816673278809
19,1,0.06,extra_trees,0.0003703703703703765,10.030522108078003
8,2,0.1,gradient_boosting,0.0003703703703703765,10.803308725357056
20,3,0.06,extra_trees,0.0007407407407407307,7.380472898483276
5,4,0.02,gradient_boosting,0.000740740740740753,12.644188165664673
12,5,0.06,gradient_boosting,0.000740740740740753,9.340656518936157
6,6,0.02,extra_trees,0.0011111111111111072,7.760543584823608
10,7,0.06,gradient_boosting,0.0011111111111111295,9.356359958648682
18,8,0.06,random_forest,0.003333333333333344,7.661438703536987
14,9,0.04,gradient_boosting,0.007407407407407418,9.521828651428223
13,10,0.1,extra_trees,0.008148148148148147,7.8876566886901855
21,11,0.02,gradient_boosting,0.008518518518518503,6.434703350067139
11,12,0.06,mlp,0.00888888888888888,24.14502716064453
17,13,0.06,gradient_boosting,0.014444444444444461,8.993767976760864
7,14,0.1,sgd,0.02259259259259259,7.083339691162109
16,15,0.02,gradient_boosting,0.26666666666666666,9.03150749206543
9,16,0.1,mlp,0.48444444444444446,20.856080770492554
15,17,0.06,sgd,0.6807407407407409,7.206816673278809
19,1,0.06,extra_trees,0.0003703703703703765,10.030522108078003
8,2,0.1,gradient_boosting,0.0003703703703703765,10.803308725357056
20,3,0.06,extra_trees,0.0007407407407407307,7.380472898483276
5,4,0.02,gradient_boosting,0.000740740740740753,12.644188165664673
12,5,0.06,gradient_boosting,0.000740740740740753,9.340656518936157
6,6,0.02,extra_trees,0.0011111111111111072,7.760543584823608
10,7,0.06,gradient_boosting,0.0011111111111111295,9.356359958648682
18,8,0.06,random_forest,0.003333333333333344,7.661438703536987
14,9,0.04,gradient_boosting,0.007407407407407418,9.521828651428223
13,10,0.1,extra_trees,0.008148148148148147,7.8876566886901855
21,11,0.02,gradient_boosting,0.008518518518518503,6.434703350067139
11,12,0.06,mlp,0.00888888888888888,24.14502716064453
17,13,0.06,gradient_boosting,0.014444444444444461,8.993767976760864
7,14,0.1,sgd,0.02259259259259259,7.083339691162109
16,15,0.02,gradient_boosting,0.26666666666666666,9.03150749206543
9,16,0.1,mlp,0.48444444444444446,20.856080770492554
15,17,0.06,sgd,0.6807407407407409,7.206816673278809
19,1,0.06,extra_trees,0.0003703703703703765,10.030522108078003
8,2,0.1,gradient_boosting,0.0003703703703703765,10.803308725357056
20,3,0.06,extra_trees,0.0007407407407407307,7.380472898483276
5,4,0.02,gradient_boosting,0.000740740740740753,12.644188165664673
12,5,0.06,gradient_boosting,0.000740740740740753,9.340656518936157
6,6,0.02,extra_trees,0.0011111111111111072,7.760543584823608
10,7,0.06,gradient_boosting,0.0011111111111111295,9.356359958648682
18,8,0.06,random_forest,0.003333333333333344,7.661438703536987
14,9,0.04,gradient_boosting,0.007407407407407418,9.521828651428223
13,10,0.1,extra_trees,0.008148148148148147,7.8876566886901855
21,11,0.02,gradient_boosting,0.008518518518518503,6.434703350067139
11,12,0.06,mlp,0.00888888888888888,24.14502716064453
17,13,0.06,gradient_boosting,0.014444444444444461,8.993767976760864
7,14,0.1,sgd,0.02259259259259259,7.083339691162109
16,15,0.02,gradient_boosting,0.26666666666666666,9.03150749206543
9,16,0.1,mlp,0.48444444444444446,20.856080770492554
15,17,0.06,sgd,0.6807407407407409,7.206816673278809
19,1,0.06,extra_trees,0.0003703703703703765,10.030522108078003
8,2,0.1,gradient_boosting,0.0003703703703703765,10.803308725357056
20,3,0.06,extra_trees,0.0007407407407407307,7.380472898483276
5,4,0.02,gradient_boosting,0.000740740740740753,12.644188165664673
12,5,0.06,gradient_boosting,0.000740740740740753,9.340656518936157
6,6,0.02,extra_trees,0.0011111111111111072,7.760543584823608
10,7,0.06,gradient_boosting,0.0011111111111111295,9.356359958648682
18,8,0.06,random_forest,0.003333333333333344,7.661438703536987
14,9,0.04,gradient_boosting,0.007407407407407418,9.521828651428223
13,10,0.1,extra_trees,0.008148148148148147,7.8876566886901855
21,11,0.02,gradient_boosting,0.008518518518518503,6.434703350067139
11,12,0.06,mlp,0.00888888888888888,24.14502716064453
17,13,0.06,gradient_boosting,0.014444444444444461,8.993767976760864
7,14,0.1,sgd,0.02259259259259259,7.083339691162109
16,15,0.02,gradient_boosting,0.26666666666666666,9.03150749206543
9,16,0.1,mlp,0.48444444444444446,20.856080770492554
15,17,0.06,sgd,0.6807407407407409,7.206816673278809
19,1,0.06,extra_trees,0.0003703703703703765,10.030522108078003
8,2,0.1,gradient_boosting,0.0003703703703703765,10.803308725357056
20,3,0.06,extra_trees,0.0007407407407407307,7.380472898483276
5,4,0.02,gradient_boosting,0.000740740740740753,12.644188165664673
12,5,0.06,gradient_boosting,0.000740740740740753,9.340656518936157
6,6,0.02,extra_trees,0.0011111111111111072,7.760543584823608
10,7,0.06,gradient_boosting,0.0011111111111111295,9.356359958648682
18,8,0.06,random_forest,0.003333333333333344,7.661438703536987
14,9,0.04,gradient_boosting,0.007407407407407418,9.521828651428223
13,10,0.1,extra_trees,0.008148148148148147,7.8876566886901855
21,11,0.02,gradient_boosting,0.008518518518518503,6.434703350067139
11,12,0.06,mlp,0.00888888888888888,24.14502716064453
17,13,0.06,gradient_boosting,0.014444444444444461,8.993767976760864
7,14,0.1,sgd,0.02259259259259259,7.083339691162109
16,15,0.02,gradient_boosting,0.26666666666666666,9.03150749206543
9,16,0.1,mlp,0.48444444444444446,20.856080770492554
15,17,0.06,sgd,0.6807407407407409,7.206816673278809
19,1,0.06,extra_trees,0.0003703703703703765,10.030522108078003
8,2,0.1,gradient_boosting,0.0003703703703703765,10.803308725357056
20,3,0.06,extra_trees,0.0007407407407407307,7.380472898483276
5,4,0.02,gradient_boosting,0.000740740740740753,12.644188165664673
12,5,0.06,gradient_boosting,0.000740740740740753,9.340656518936157
6,6,0.02,extra_trees,0.0011111111111111072,7.760543584823608
10,7,0.06,gradient_boosting,0.0011111111111111295,9.356359958648682
18,8,0.06,random_forest,0.003333333333333344,7.661438703536987
14,9,0.04,gradient_boosting,0.007407407407407418,9.521828651428223
13,10,0.1,extra_trees,0.008148148148148147,7.8876566886901855
21,11,0.02,gradient_boosting,0.008518518518518503,6.434703350067139
11,12,0.06,mlp,0.00888888888888888,24.14502716064453
17,13,0.06,gradient_boosting,0.014444444444444461,8.993767976760864
7,14,0.1,sgd,0.02259259259259259,7.083339691162109
16,15,0.02,gradient_boosting,0.26666666666666666,9.03150749206543
9,16,0.1,mlp,0.48444444444444446,20.856080770492554
15,17,0.06,sgd,0.6807407407407409,7.206816673278809
19,1,0.06,extra_trees,0.0003703703703703765,10.030522108078003
8,2,0.1,gradient_boosting,0.0003703703703703765,10.803308725357056
20,3,0.06,extra_trees,0.0007407407407407307,7.380472898483276
5,4,0.02,gradient_boosting,0.000740740740740753,12.644188165664673
12,5,0.06,gradient_boosting,0.000740740740740753,9.340656518936157
6,6,0.02,extra_trees,0.0011111111111111072,7.760543584823608
10,7,0.06,gradient_boosting,0.0011111111111111295,9.356359958648682
18,8,0.06,random_forest,0.003333333333333344,7.661438703536987
14,9,0.04,gradient_boosting,0.007407407407407418,9.521828651428223
13,10,0.1,extra_trees,0.008148148148148147,7.8876566886901855
21,11,0.02,gradient_boosting,0.008518518518518503,6.434703350067139
11,12,0.06,mlp,0.00888888888888888,24.14502716064453
17,13,0.06,gradient_boosting,0.014444444444444461,8.993767976760864
7,14,0.1,sgd,0.02259259259259259,7.083339691162109
16,15,0.02,gradient_boosting,0.26666666666666666,9.03150749206543
9,16,0.1,mlp,0.48444444444444446,20.856080770492554
15,17,0.06,sgd,0.6807407407407409,7.206816673278809
9,1,0.06,gradient_boosting,0.018518518518518514,12.72952938079834
13,2,0.12,gradient_boosting,0.020740740740740747,9.102657556533813
20,3,0.08,extra_trees,0.024444444444444446,9.67642068862915
7,4,0.02,extra_trees,0.025185185185185203,7.845120429992676
11,5,0.02,gradient_boosting,0.027777777777777794,8.866323947906494
21,6,0.04,extra_trees,0.03370370370370371,7.313559055328369
14,7,0.02,extra_trees,0.03592592592592594,7.590068340301514
8,8,0.12,sgd,0.047037037037037016,6.860734224319458
18,9,0.06,gradient_boosting,0.059259259259259234,8.922511577606201
15,10,0.1,gradient_boosting,0.07222222222222219,9.702076435089111
12,11,0.02,mlp,0.08296296296296296,24.589573860168457
10,12,0.18,mlp,0.4966666666666667,19.823522806167603
17,13,0.02,gradient_boosting,0.5281481481481481,8.777297019958496
16,14,0.14,sgd,0.5988888888888889,7.049884796142578
9,1,0.06,gradient_boosting,0.018518518518518514,12.72952938079834
13,2,0.12,gradient_boosting,0.020740740740740747,9.102657556533813
20,3,0.08,extra_trees,0.024444444444444446,9.67642068862915
7,4,0.02,extra_trees,0.025185185185185203,7.845120429992676
11,5,0.02,gradient_boosting,0.027777777777777794,8.866323947906494
21,6,0.04,extra_trees,0.03370370370370371,7.313559055328369
14,7,0.02,extra_trees,0.03592592592592594,7.590068340301514
8,8,0.12,sgd,0.047037037037037016,6.860734224319458
18,9,0.06,gradient_boosting,0.059259259259259234,8.922511577606201
15,10,0.1,gradient_boosting,0.07222222222222219,9.702076435089111
12,11,0.02,mlp,0.08296296296296296,24.589573860168457
10,12,0.18,mlp,0.4966666666666667,19.823522806167603
17,13,0.02,gradient_boosting,0.5281481481481481,8.777297019958496
16,14,0.14,sgd,0.5988888888888889,7.049884796142578
9,1,0.06,gradient_boosting,0.018518518518518514,12.72952938079834
13,2,0.12,gradient_boosting,0.020740740740740747,9.102657556533813
20,3,0.08,extra_trees,0.024444444444444446,9.67642068862915
7,4,0.02,extra_trees,0.025185185185185203,7.845120429992676
11,5,0.02,gradient_boosting,0.027777777777777794,8.866323947906494
21,6,0.04,extra_trees,0.03370370370370371,7.313559055328369
14,7,0.02,extra_trees,0.03592592592592594,7.590068340301514
8,8,0.12,sgd,0.047037037037037016,6.860734224319458
18,9,0.06,gradient_boosting,0.059259259259259234,8.922511577606201
15,10,0.1,gradient_boosting,0.07222222222222219,9.702076435089111
12,11,0.02,mlp,0.08296296296296296,24.589573860168457
10,12,0.18,mlp,0.4966666666666667,19.823522806167603
17,13,0.02,gradient_boosting,0.5281481481481481,8.777297019958496
16,14,0.14,sgd,0.5988888888888889,7.049884796142578
9,1,0.06,gradient_boosting,0.018518518518518514,12.72952938079834
13,2,0.12,gradient_boosting,0.020740740740740747,9.102657556533813
20,3,0.08,extra_trees,0.024444444444444446,9.67642068862915
7,4,0.02,extra_trees,0.025185185185185203,7.845120429992676
11,5,0.02,gradient_boosting,0.027777777777777794,8.866323947906494
21,6,0.04,extra_trees,0.03370370370370371,7.313559055328369
14,7,0.02,extra_trees,0.03592592592592594,7.590068340301514
8,8,0.12,sgd,0.047037037037037016,6.860734224319458
18,9,0.06,gradient_boosting,0.059259259259259234,8.922511577606201
15,10,0.1,gradient_boosting,0.07222222222222219,9.702076435089111
12,11,0.02,mlp,0.08296296296296296,24.589573860168457
10,12,0.18,mlp,0.4966666666666667,19.823522806167603
17,13,0.02,gradient_boosting,0.5281481481481481,8.777297019958496
16,14,0.14,sgd,0.5988888888888889,7.049884796142578
9,1,0.06,gradient_boosting,0.018518518518518514,12.72952938079834
13,2,0.12,gradient_boosting,0.020740740740740747,9.102657556533813
20,3,0.08,extra_trees,0.024444444444444446,9.67642068862915
7,4,0.02,extra_trees,0.025185185185185203,7.845120429992676
11,5,0.02,gradient_boosting,0.027777777777777794,8.866323947906494
21,6,0.04,extra_trees,0.03370370370370371,7.313559055328369
14,7,0.02,extra_trees,0.03592592592592594,7.590068340301514
8,8,0.12,sgd,0.047037037037037016,6.860734224319458
18,9,0.06,gradient_boosting,0.059259259259259234,8.922511577606201
15,10,0.1,gradient_boosting,0.07222222222222219,9.702076435089111
12,11,0.02,mlp,0.08296296296296296,24.589573860168457
10,12,0.18,mlp,0.4966666666666667,19.823522806167603
17,13,0.02,gradient_boosting,0.5281481481481481,8.777297019958496
16,14,0.14,sgd,0.5988888888888889,7.049884796142578
9,1,0.06,gradient_boosting,0.018518518518518514,12.72952938079834
13,2,0.12,gradient_boosting,0.020740740740740747,9.102657556533813
20,3,0.08,extra_trees,0.024444444444444446,9.67642068862915
7,4,0.02,extra_trees,0.025185185185185203,7.845120429992676
11,5,0.02,gradient_boosting,0.027777777777777794,8.866323947906494
21,6,0.04,extra_trees,0.03370370370370371,7.313559055328369
14,7,0.02,extra_trees,0.03592592592592594,7.590068340301514
8,8,0.12,sgd,0.047037037037037016,6.860734224319458
18,9,0.06,gradient_boosting,0.059259259259259234,8.922511577606201
15,10,0.1,gradient_boosting,0.07222222222222219,9.702076435089111
12,11,0.02,mlp,0.08296296296296296,24.589573860168457
10,12,0.18,mlp,0.4966666666666667,19.823522806167603
17,13,0.02,gradient_boosting,0.5281481481481481,8.777297019958496
16,14,0.14,sgd,0.5988888888888889,7.049884796142578
9,1,0.06,gradient_boosting,0.018518518518518514,12.72952938079834
13,2,0.12,gradient_boosting,0.020740740740740747,9.102657556533813
20,3,0.08,extra_trees,0.024444444444444446,9.67642068862915
7,4,0.02,extra_trees,0.025185185185185203,7.845120429992676
11,5,0.02,gradient_boosting,0.027777777777777794,8.866323947906494
21,6,0.04,extra_trees,0.03370370370370371,7.313559055328369
14,7,0.02,extra_trees,0.03592592592592594,7.590068340301514
8,8,0.12,sgd,0.047037037037037016,6.860734224319458
18,9,0.06,gradient_boosting,0.059259259259259234,8.922511577606201
15,10,0.1,gradient_boosting,0.07222222222222219,9.702076435089111
12,11,0.02,mlp,0.08296296296296296,24.589573860168457
10,12,0.18,mlp,0.4966666666666667,19.823522806167603
17,13,0.02,gradient_boosting,0.5281481481481481,8.777297019958496
16,14,0.14,sgd,0.5988888888888889,7.049884796142578
9,1,0.06,gradient_boosting,0.018518518518518514,12.72952938079834
13,2,0.12,gradient_boosting,0.020740740740740747,9.102657556533813
20,3,0.08,extra_trees,0.024444444444444446,9.67642068862915
7,4,0.02,extra_trees,0.025185185185185203,7.845120429992676
11,5,0.02,gradient_boosting,0.027777777777777794,8.866323947906494
21,6,0.04,extra_trees,0.03370370370370371,7.313559055328369
14,7,0.02,extra_trees,0.03592592592592594,7.590068340301514
8,8,0.12,sgd,0.047037037037037016,6.860734224319458
18,9,0.06,gradient_boosting,0.059259259259259234,8.922511577606201
15,10,0.1,gradient_boosting,0.07222222222222219,9.702076435089111
12,11,0.02,mlp,0.08296296296296296,24.589573860168457
10,12,0.18,mlp,0.4966666666666667,19.823522806167603
17,13,0.02,gradient_boosting,0.5281481481481481,8.777297019958496
16,14,0.14,sgd,0.5988888888888889,7.049884796142578
21,1,0.22,extra_trees,0.02000000000000002,9.068860292434692
7,2,0.02,gradient_boosting,0.020370370370370375,12.316710233688354
10,3,0.1,gradient_boosting,0.021111111111111105,12.7823646068573
14,4,0.1,gradient_boosting,0.023703703703703692,8.964935541152954
8,5,0.02,extra_trees,0.024074074074074074,7.637654781341553
15,6,0.02,extra_trees,0.041481481481481494,7.6286725997924805
19,7,0.08,gradient_boosting,0.06444444444444444,9.168659925460815
16,8,0.06,gradient_boosting,0.08444444444444446,9.733467817306519
13,9,0.08,mlp,0.08814814814814814,24.11820650100708
11,10,0.08,mlp,0.41629629629629633,19.555267810821533
17,11,0.22,sgd,0.7396296296296296,7.0669026374816895
21,1,0.22,extra_trees,0.02000000000000002,9.068860292434692
7,2,0.02,gradient_boosting,0.020370370370370375,12.316710233688354
10,3,0.1,gradient_boosting,0.021111111111111105,12.7823646068573
14,4,0.1,gradient_boosting,0.023703703703703692,8.964935541152954
8,5,0.02,extra_trees,0.024074074074074074,7.637654781341553
15,6,0.02,extra_trees,0.041481481481481494,7.6286725997924805
19,7,0.08,gradient_boosting,0.06444444444444444,9.168659925460815
16,8,0.06,gradient_boosting,0.08444444444444446,9.733467817306519
13,9,0.08,mlp,0.08814814814814814,24.11820650100708
11,10,0.08,mlp,0.41629629629629633,19.555267810821533
17,11,0.22,sgd,0.7396296296296296,7.0669026374816895
21,1,0.22,extra_trees,0.02000000000000002,9.068860292434692
7,2,0.02,gradient_boosting,0.020370370370370375,12.316710233688354
10,3,0.1,gradient_boosting,0.021111111111111105,12.7823646068573
14,4,0.1,gradient_boosting,0.023703703703703692,8.964935541152954
8,5,0.02,extra_trees,0.024074074074074074,7.637654781341553
15,6,0.02,extra_trees,0.041481481481481494,7.6286725997924805
19,7,0.08,gradient_boosting,0.06444444444444444,9.168659925460815
16,8,0.06,gradient_boosting,0.08444444444444446,9.733467817306519
13,9,0.08,mlp,0.08814814814814814,24.11820650100708
11,10,0.08,mlp,0.41629629629629633,19.555267810821533
17,11,0.22,sgd,0.7396296296296296,7.0669026374816895
21,1,0.22,extra_trees,0.02000000000000002,9.068860292434692
7,2,0.02,gradient_boosting,0.020370370370370375,12.316710233688354
10,3,0.1,gradient_boosting,0.021111111111111105,12.7823646068573
14,4,0.1,gradient_boosting,0.023703703703703692,8.964935541152954
8,5,0.02,extra_trees,0.024074074074074074,7.637654781341553
15,6,0.02,extra_trees,0.041481481481481494,7.6286725997924805
19,7,0.08,gradient_boosting,0.06444444444444444,9.168659925460815
16,8,0.06,gradient_boosting,0.08444444444444446,9.733467817306519
13,9,0.08,mlp,0.08814814814814814,24.11820650100708
11,10,0.08,mlp,0.41629629629629633,19.555267810821533
17,11,0.22,sgd,0.7396296296296296,7.0669026374816895
21,1,0.22,extra_trees,0.02000000000000002,9.068860292434692
7,2,0.02,gradient_boosting,0.020370370370370375,12.316710233688354
10,3,0.1,gradient_boosting,0.021111111111111105,12.7823646068573
14,4,0.1,gradient_boosting,0.023703703703703692,8.964935541152954
8,5,0.02,extra_trees,0.024074074074074074,7.637654781341553
15,6,0.02,extra_trees,0.041481481481481494,7.6286725997924805
19,7,0.08,gradient_boosting,0.06444444444444444,9.168659925460815
16,8,0.06,gradient_boosting,0.08444444444444446,9.733467817306519
13,9,0.08,mlp,0.08814814814814814,24.11820650100708
11,10,0.08,mlp,0.41629629629629633,19.555267810821533
17,11,0.22,sgd,0.7396296296296296,7.0669026374816895
21,1,0.22,extra_trees,0.02000000000000002,9.068860292434692
7,2,0.02,gradient_boosting,0.020370370370370375,12.316710233688354
10,3,0.1,gradient_boosting,0.021111111111111105,12.7823646068573
14,4,0.1,gradient_boosting,0.023703703703703692,8.964935541152954
8,5,0.02,extra_trees,0.024074074074074074,7.637654781341553
15,6,0.02,extra_trees,0.041481481481481494,7.6286725997924805
19,7,0.08,gradient_boosting,0.06444444444444444,9.168659925460815
16,8,0.06,gradient_boosting,0.08444444444444446,9.733467817306519
13,9,0.08,mlp,0.08814814814814814,24.11820650100708
11,10,0.08,mlp,0.41629629629629633,19.555267810821533
17,11,0.22,sgd,0.7396296296296296,7.0669026374816895
21,1,0.22,extra_trees,0.02000000000000002,9.068860292434692
7,2,0.02,gradient_boosting,0.020370370370370375,12.316710233688354
10,3,0.1,gradient_boosting,0.021111111111111105,12.7823646068573
14,4,0.1,gradient_boosting,0.023703703703703692,8.964935541152954
8,5,0.02,extra_trees,0.024074074074074074,7.637654781341553
15,6,0.02,extra_trees,0.041481481481481494,7.6286725997924805
19,7,0.08,gradient_boosting,0.06444444444444444,9.168659925460815
16,8,0.06,gradient_boosting,0.08444444444444446,9.733467817306519
13,9,0.08,mlp,0.08814814814814814,24.11820650100708
11,10,0.08,mlp,0.41629629629629633,19.555267810821533
17,11,0.22,sgd,0.7396296296296296,7.0669026374816895
21,1,0.22,extra_trees,0.02000000000000002,9.068860292434692
7,2,0.02,gradient_boosting,0.020370370370370375,12.316710233688354
10,3,0.1,gradient_boosting,0.021111111111111105,12.7823646068573
14,4,0.1,gradient_boosting,0.023703703703703692,8.964935541152954
8,5,0.02,extra_trees,0.024074074074074074,7.637654781341553
15,6,0.02,extra_trees,0.041481481481481494,7.6286725997924805
19,7,0.08,gradient_boosting,0.06444444444444444,9.168659925460815
16,8,0.06,gradient_boosting,0.08444444444444446,9.733467817306519
13,9,0.08,mlp,0.08814814814814814,24.11820650100708
11,10,0.08,mlp,0.41629629629629633,19.555267810821533
17,11,0.22,sgd,0.7396296296296296,7.0669026374816895
9,1,0.14,extra_trees,0.0,7.867159605026245
11,2,0.06,gradient_boosting,0.0003703703703703765,10.759641408920288
15,3,0.02,gradient_boosting,0.0014814814814814838,9.126805305480957
22,4,0.1,extra_trees,0.0014814814814814838,9.10973572731018
13,5,0.02,gradient_boosting,0.0018518518518518602,9.04598355293274
23,6,0.06,extra_trees,0.0018518518518518602,7.192562818527222
16,7,0.02,extra_trees,0.0022222222222221923,7.854876756668091
8,8,0.02,gradient_boosting,0.0022222222222222365,12.300123691558838
21,9,0.06,random_forest,0.0025925925925925687,7.68466591835022
24,10,0.04,gradient_boosting,0.004074074074074075,6.060335397720337
20,11,0.14,gradient_boosting,0.009259259259259255,9.202103853225708
14,12,0.1,mlp,0.009259259259259257,24.68310046195984
17,13,0.02,gradient_boosting,0.011481481481481471,9.09207797050476
10,14,0.1,sgd,0.015555555555555545,6.731747388839722
12,15,0.06,mlp,0.4688888888888889,21.21509861946106
18,16,0.04,sgd,0.6277777777777778,6.92618465423584
9,1,0.14,extra_trees,0.0,7.867159605026245
11,2,0.06,gradient_boosting,0.0003703703703703765,10.759641408920288
15,3,0.02,gradient_boosting,0.0014814814814814838,9.126805305480957
22,4,0.1,extra_trees,0.0014814814814814838,9.10973572731018
13,5,0.02,gradient_boosting,0.0018518518518518602,9.04598355293274
23,6,0.06,extra_trees,0.0018518518518518602,7.192562818527222
16,7,0.02,extra_trees,0.0022222222222221923,7.854876756668091
8,8,0.02,gradient_boosting,0.0022222222222222365,12.300123691558838
21,9,0.06,random_forest,0.0025925925925925687,7.68466591835022
24,10,0.04,gradient_boosting,0.004074074074074075,6.060335397720337
20,11,0.14,gradient_boosting,0.009259259259259255,9.202103853225708
14,12,0.1,mlp,0.009259259259259257,24.68310046195984
17,13,0.02,gradient_boosting,0.011481481481481471,9.09207797050476
10,14,0.1,sgd,0.015555555555555545,6.731747388839722
12,15,0.06,mlp,0.4688888888888889,21.21509861946106
18,16,0.04,sgd,0.6277777777777778,6.92618465423584
9,1,0.14,extra_trees,0.0,7.867159605026245
11,2,0.06,gradient_boosting,0.0003703703703703765,10.759641408920288
15,3,0.02,gradient_boosting,0.0014814814814814838,9.126805305480957
22,4,0.1,extra_trees,0.0014814814814814838,9.10973572731018
13,5,0.02,gradient_boosting,0.0018518518518518602,9.04598355293274
23,6,0.06,extra_trees,0.0018518518518518602,7.192562818527222
16,7,0.02,extra_trees,0.0022222222222221923,7.854876756668091
8,8,0.02,gradient_boosting,0.0022222222222222365,12.300123691558838
21,9,0.06,random_forest,0.0025925925925925687,7.68466591835022
24,10,0.04,gradient_boosting,0.004074074074074075,6.060335397720337
20,11,0.14,gradient_boosting,0.009259259259259255,9.202103853225708
14,12,0.1,mlp,0.009259259259259257,24.68310046195984
17,13,0.02,gradient_boosting,0.011481481481481471,9.09207797050476
10,14,0.1,sgd,0.015555555555555545,6.731747388839722
12,15,0.06,mlp,0.4688888888888889,21.21509861946106
18,16,0.04,sgd,0.6277777777777778,6.92618465423584
9,1,0.14,extra_trees,0.0,7.867159605026245
11,2,0.06,gradient_boosting,0.0003703703703703765,10.759641408920288
15,3,0.02,gradient_boosting,0.0014814814814814838,9.126805305480957
22,4,0.1,extra_trees,0.0014814814814814838,9.10973572731018
13,5,0.02,gradient_boosting,0.0018518518518518602,9.04598355293274
23,6,0.06,extra_trees,0.0018518518518518602,7.192562818527222
16,7,0.02,extra_trees,0.0022222222222221923,7.854876756668091
8,8,0.02,gradient_boosting,0.0022222222222222365,12.300123691558838
21,9,0.06,random_forest,0.0025925925925925687,7.68466591835022
24,10,0.04,gradient_boosting,0.004074074074074075,6.060335397720337
20,11,0.14,gradient_boosting,0.009259259259259255,9.202103853225708
14,12,0.1,mlp,0.009259259259259257,24.68310046195984
17,13,0.02,gradient_boosting,0.011481481481481471,9.09207797050476
10,14,0.1,sgd,0.015555555555555545,6.731747388839722
12,15,0.06,mlp,0.4688888888888889,21.21509861946106
18,16,0.04,sgd,0.6277777777777778,6.92618465423584
9,1,0.14,extra_trees,0.0,7.867159605026245
11,2,0.06,gradient_boosting,0.0003703703703703765,10.759641408920288
15,3,0.02,gradient_boosting,0.0014814814814814838,9.126805305480957
22,4,0.1,extra_trees,0.0014814814814814838,9.10973572731018
13,5,0.02,gradient_boosting,0.0018518518518518602,9.04598355293274
23,6,0.06,extra_trees,0.0018518518518518602,7.192562818527222
16,7,0.02,extra_trees,0.0022222222222221923,7.854876756668091
8,8,0.02,gradient_boosting,0.0022222222222222365,12.300123691558838
21,9,0.06,random_forest,0.0025925925925925687,7.68466591835022
24,10,0.04,gradient_boosting,0.004074074074074075,6.060335397720337
20,11,0.14,gradient_boosting,0.009259259259259255,9.202103853225708
14,12,0.1,mlp,0.009259259259259257,24.68310046195984
17,13,0.02,gradient_boosting,0.011481481481481471,9.09207797050476
10,14,0.1,sgd,0.015555555555555545,6.731747388839722
12,15,0.06,mlp,0.4688888888888889,21.21509861946106
18,16,0.04,sgd,0.6277777777777778,6.92618465423584
9,1,0.14,extra_trees,0.0,7.867159605026245
11,2,0.06,gradient_boosting,0.0003703703703703765,10.759641408920288
15,3,0.02,gradient_boosting,0.0014814814814814838,9.126805305480957
22,4,0.1,extra_trees,0.0014814814814814838,9.10973572731018
13,5,0.02,gradient_boosting,0.0018518518518518602,9.04598355293274
23,6,0.06,extra_trees,0.0018518518518518602,7.192562818527222
16,7,0.02,extra_trees,0.0022222222222221923,7.854876756668091
8,8,0.02,gradient_boosting,0.0022222222222222365,12.300123691558838
21,9,0.06,random_forest,0.0025925925925925687,7.68466591835022
24,10,0.04,gradient_boosting,0.004074074074074075,6.060335397720337
20,11,0.14,gradient_boosting,0.009259259259259255,9.202103853225708
14,12,0.1,mlp,0.009259259259259257,24.68310046195984
17,13,0.02,gradient_boosting,0.011481481481481471,9.09207797050476
10,14,0.1,sgd,0.015555555555555545,6.731747388839722
12,15,0.06,mlp,0.4688888888888889,21.21509861946106
18,16,0.04,sgd,0.6277777777777778,6.92618465423584
9,1,0.14,extra_trees,0.0,7.867159605026245
11,2,0.06,gradient_boosting,0.0003703703703703765,10.759641408920288
15,3,0.02,gradient_boosting,0.0014814814814814838,9.126805305480957
22,4,0.1,extra_trees,0.0014814814814814838,9.10973572731018
13,5,0.02,gradient_boosting,0.0018518518518518602,9.04598355293274
23,6,0.06,extra_trees,0.0018518518518518602,7.192562818527222
16,7,0.02,extra_trees,0.0022222222222221923,7.854876756668091
8,8,0.02,gradient_boosting,0.0022222222222222365,12.300123691558838
21,9,0.06,random_forest,0.0025925925925925687,7.68466591835022
24,10,0.04,gradient_boosting,0.004074074074074075,6.060335397720337
20,11,0.14,gradient_boosting,0.009259259259259255,9.202103853225708
14,12,0.1,mlp,0.009259259259259257,24.68310046195984
17,13,0.02,gradient_boosting,0.011481481481481471,9.09207797050476
10,14,0.1,sgd,0.015555555555555545,6.731747388839722
12,15,0.06,mlp,0.4688888888888889,21.21509861946106
18,16,0.04,sgd,0.6277777777777778,6.92618465423584
9,1,0.14,extra_trees,0.0,7.867159605026245
11,2,0.06,gradient_boosting,0.0003703703703703765,10.759641408920288
15,3,0.02,gradient_boosting,0.0014814814814814838,9.126805305480957
22,4,0.1,extra_trees,0.0014814814814814838,9.10973572731018
13,5,0.02,gradient_boosting,0.0018518518518518602,9.04598355293274
23,6,0.06,extra_trees,0.0018518518518518602,7.192562818527222
16,7,0.02,extra_trees,0.0022222222222221923,7.854876756668091
8,8,0.02,gradient_boosting,0.0022222222222222365,12.300123691558838
21,9,0.06,random_forest,0.0025925925925925687,7.68466591835022
24,10,0.04,gradient_boosting,0.004074074074074075,6.060335397720337
20,11,0.14,gradient_boosting,0.009259259259259255,9.202103853225708
14,12,0.1,mlp,0.009259259259259257,24.68310046195984
17,13,0.02,gradient_boosting,0.011481481481481471,9.09207797050476
10,14,0.1,sgd,0.015555555555555545,6.731747388839722
12,15,0.06,mlp,0.4688888888888889,21.21509861946106
18,16,0.04,sgd,0.6277777777777778,6.92618465423584
12,1,0.04,gradient_boosting,0.011851851851851846,12.282336711883545
16,2,0.1,gradient_boosting,0.011851851851851846,9.445492267608643
10,3,0.04,extra_trees,0.011851851851851848,7.567555904388428
23,4,0.24,extra_trees,0.01185185185185187,10.082505464553833
24,5,0.04,extra_trees,0.018888888888888913,7.65429949760437
17,6,0.08,extra_trees,0.02148148148148148,8.213383674621582
11,7,0.02,sgd,0.04592592592592593,7.290898561477661
15,8,0.06,mlp,0.05037037037037038,24.581028699874878
18,9,0.14,gradient_boosting,0.0540740740740741,9.233852863311768
13,10,0.24,mlp,0.4766666666666667,20.552278995513916
12,1,0.04,gradient_boosting,0.011851851851851846,12.282336711883545
16,2,0.1,gradient_boosting,0.011851851851851846,9.445492267608643
10,3,0.04,extra_trees,0.011851851851851848,7.567555904388428
23,4,0.24,extra_trees,0.01185185185185187,10.082505464553833
24,5,0.04,extra_trees,0.018888888888888913,7.65429949760437
17,6,0.08,extra_trees,0.02148148148148148,8.213383674621582
11,7,0.02,sgd,0.04592592592592593,7.290898561477661
15,8,0.06,mlp,0.05037037037037038,24.581028699874878
18,9,0.14,gradient_boosting,0.0540740740740741,9.233852863311768
13,10,0.24,mlp,0.4766666666666667,20.552278995513916
12,1,0.04,gradient_boosting,0.011851851851851846,12.282336711883545
16,2,0.1,gradient_boosting,0.011851851851851846,9.445492267608643
10,3,0.04,extra_trees,0.011851851851851848,7.567555904388428
23,4,0.24,extra_trees,0.01185185185185187,10.082505464553833
24,5,0.04,extra_trees,0.018888888888888913,7.65429949760437
17,6,0.08,extra_trees,0.02148148148148148,8.213383674621582
11,7,0.02,sgd,0.04592592592592593,7.290898561477661
15,8,0.06,mlp,0.05037037037037038,24.581028699874878
18,9,0.14,gradient_boosting,0.0540740740740741,9.233852863311768
13,10,0.24,mlp,0.4766666666666667,20.552278995513916
12,1,0.04,gradient_boosting,0.011851851851851846,12.282336711883545
16,2,0.1,gradient_boosting,0.011851851851851846,9.445492267608643
10,3,0.04,extra_trees,0.011851851851851848,7.567555904388428
23,4,0.24,extra_trees,0.01185185185185187,10.082505464553833
24,5,0.04,extra_trees,0.018888888888888913,7.65429949760437
17,6,0.08,extra_trees,0.02148148148148148,8.213383674621582
11,7,0.02,sgd,0.04592592592592593,7.290898561477661
15,8,0.06,mlp,0.05037037037037038,24.581028699874878
18,9,0.14,gradient_boosting,0.0540740740740741,9.233852863311768
13,10,0.24,mlp,0.4766666666666667,20.552278995513916
12,1,0.04,gradient_boosting,0.011851851851851846,12.282336711883545
16,2,0.1,gradient_boosting,0.011851851851851846,9.445492267608643
10,3,0.04,extra_trees,0.011851851851851848,7.567555904388428
23,4,0.24,extra_trees,0.01185185185185187,10.082505464553833
24,5,0.04,extra_trees,0.018888888888888913,7.65429949760437
17,6,0.08,extra_trees,0.02148148148148148,8.213383674621582
11,7,0.02,sgd,0.04592592592592593,7.290898561477661
15,8,0.06,mlp,0.05037037037037038,24.581028699874878
18,9,0.14,gradient_boosting,0.0540740740740741,9.233852863311768
13,10,0.24,mlp,0.4766666666666667,20.552278995513916
12,1,0.04,gradient_boosting,0.011851851851851846,12.282336711883545
16,2,0.1,gradient_boosting,0.011851851851851846,9.445492267608643
10,3,0.04,extra_trees,0.011851851851851848,7.567555904388428
23,4,0.24,extra_trees,0.01185185185185187,10.082505464553833
24,5,0.04,extra_trees,0.018888888888888913,7.65429949760437
17,6,0.08,extra_trees,0.02148148148148148,8.213383674621582
11,7,0.02,sgd,0.04592592592592593,7.290898561477661
15,8,0.06,mlp,0.05037037037037038,24.581028699874878
18,9,0.14,gradient_boosting,0.0540740740740741,9.233852863311768
13,10,0.24,mlp,0.4766666666666667,20.552278995513916
12,1,0.04,gradient_boosting,0.011851851851851846,12.282336711883545
16,2,0.1,gradient_boosting,0.011851851851851846,9.445492267608643
10,3,0.04,extra_trees,0.011851851851851848,7.567555904388428
23,4,0.24,extra_trees,0.01185185185185187,10.082505464553833
24,5,0.04,extra_trees,0.018888888888888913,7.65429949760437
17,6,0.08,extra_trees,0.02148148148148148,8.213383674621582
11,7,0.02,sgd,0.04592592592592593,7.290898561477661
15,8,0.06,mlp,0.05037037037037038,24.581028699874878
18,9,0.14,gradient_boosting,0.0540740740740741,9.233852863311768
13,10,0.24,mlp,0.4766666666666667,20.552278995513916
12,1,0.04,gradient_boosting,0.011851851851851846,12.282336711883545
16,2,0.1,gradient_boosting,0.011851851851851846,9.445492267608643
10,3,0.04,extra_trees,0.011851851851851848,7.567555904388428
23,4,0.24,extra_trees,0.01185185185185187,10.082505464553833
24,5,0.04,extra_trees,0.018888888888888913,7.65429949760437
17,6,0.08,extra_trees,0.02148148148148148,8.213383674621582
11,7,0.02,sgd,0.04592592592592593,7.290898561477661
15,8,0.06,mlp,0.05037037037037038,24.581028699874878
18,9,0.14,gradient_boosting,0.0540740740740741,9.233852863311768
13,10,0.24,mlp,0.4766666666666667,20.552278995513916
13,1,0.12,gradient_boosting,0.00703703703703702,11.957583904266357
24,2,0.14,extra_trees,0.009629629629629632,8.077562093734741
12,3,0.06,sgd,0.03629629629629627,7.695873737335205
16,4,0.12,mlp,0.043333333333333335,24.358180284500122
19,5,0.2,gradient_boosting,0.05148148148148151,9.327322006225586
14,6,0.2,mlp,0.4848148148148148,20.650527477264404
20,7,0.16,sgd,0.7274074074074075,6.60935640335083
13,1,0.12,gradient_boosting,0.00703703703703702,11.957583904266357
24,2,0.14,extra_trees,0.009629629629629632,8.077562093734741
12,3,0.06,sgd,0.03629629629629627,7.695873737335205
16,4,0.12,mlp,0.043333333333333335,24.358180284500122
19,5,0.2,gradient_boosting,0.05148148148148151,9.327322006225586
14,6,0.2,mlp,0.4848148148148148,20.650527477264404
20,7,0.16,sgd,0.7274074074074075,6.60935640335083
13,1,0.12,gradient_boosting,0.00703703703703702,11.957583904266357
24,2,0.14,extra_trees,0.009629629629629632,8.077562093734741
12,3,0.06,sgd,0.03629629629629627,7.695873737335205
16,4,0.12,mlp,0.043333333333333335,24.358180284500122
19,5,0.2,gradient_boosting,0.05148148148148151,9.327322006225586
14,6,0.2,mlp,0.4848148148148148,20.650527477264404
20,7,0.16,sgd,0.7274074074074075,6.60935640335083
13,1,0.12,gradient_boosting,0.00703703703703702,11.957583904266357
24,2,0.14,extra_trees,0.009629629629629632,8.077562093734741
12,3,0.06,sgd,0.03629629629629627,7.695873737335205
16,4,0.12,mlp,0.043333333333333335,24.358180284500122
19,5,0.2,gradient_boosting,0.05148148148148151,9.327322006225586
14,6,0.2,mlp,0.4848148148148148,20.650527477264404
20,7,0.16,sgd,0.7274074074074075,6.60935640335083
13,1,0.12,gradient_boosting,0.00703703703703702,11.957583904266357
24,2,0.14,extra_trees,0.009629629629629632,8.077562093734741
12,3,0.06,sgd,0.03629629629629627,7.695873737335205
16,4,0.12,mlp,0.043333333333333335,24.358180284500122
19,5,0.2,gradient_boosting,0.05148148148148151,9.327322006225586
14,6,0.2,mlp,0.4848148148148148,20.650527477264404
20,7,0.16,sgd,0.7274074074074075,6.60935640335083
13,1,0.12,gradient_boosting,0.00703703703703702,11.957583904266357
24,2,0.14,extra_trees,0.009629629629629632,8.077562093734741
12,3,0.06,sgd,0.03629629629629627,7.695873737335205
16,4,0.12,mlp,0.043333333333333335,24.358180284500122
19,5,0.2,gradient_boosting,0.05148148148148151,9.327322006225586
14,6,0.2,mlp,0.4848148148148148,20.650527477264404
20,7,0.16,sgd,0.7274074074074075,6.60935640335083
13,1,0.12,gradient_boosting,0.00703703703703702,11.957583904266357
24,2,0.14,extra_trees,0.009629629629629632,8.077562093734741
12,3,0.06,sgd,0.03629629629629627,7.695873737335205
16,4,0.12,mlp,0.043333333333333335,24.358180284500122
19,5,0.2,gradient_boosting,0.05148148148148151,9.327322006225586
14,6,0.2,mlp,0.4848148148148148,20.650527477264404
20,7,0.16,sgd,0.7274074074074075,6.60935640335083
13,1,0.12,gradient_boosting,0.00703703703703702,11.957583904266357
24,2,0.14,extra_trees,0.009629629629629632,8.077562093734741
12,3,0.06,sgd,0.03629629629629627,7.695873737335205
16,4,0.12,mlp,0.043333333333333335,24.358180284500122
19,5,0.2,gradient_boosting,0.05148148148148151,9.327322006225586
14,6,0.2,mlp,0.4848148148148148,20.650527477264404
20,7,0.16,sgd,0.7274074074074075,6.60935640335083
model_id,rank,ensemble_weight,type,cost,duration
13,1,0.1,extra_trees,0.011851851851851846,7.460891485214233
15,2,0.04,gradient_boosting,0.013703703703703708,12.588255167007446
12,3,0.08,gradient_boosting,0.015555555555555567,11.841282844543457
20,4,0.12,extra_trees,0.020370370370370372,7.782490253448486
27,5,0.04,extra_trees,0.02111111111111113,7.022788763046265
25,6,0.02,random_forest,0.02185185185185186,8.04874324798584
14,7,0.02,sgd,0.0414814814814815,7.586268186569214
28,8,0.1,gradient_boosting,0.04962962962962961,4.342245578765869
18,9,0.04,mlp,0.054444444444444434,24.859267234802246
21,10,0.02,gradient_boosting,0.06000000000000002,9.661438941955566
16,11,0.36,mlp,0.5203703703703704,20.532405138015747
23,12,0.02,gradient_boosting,0.6277777777777779,8.725854873657227
22,13,0.04,sgd,0.6948148148148149,7.063929796218872
13,1,0.1,extra_trees,0.011851851851851846,7.460891485214233
15,2,0.04,gradient_boosting,0.013703703703703708,12.588255167007446
12,3,0.08,gradient_boosting,0.015555555555555567,11.841282844543457
20,4,0.12,extra_trees,0.020370370370370372,7.782490253448486
27,5,0.04,extra_trees,0.02111111111111113,7.022788763046265
25,6,0.02,random_forest,0.02185185185185186,8.04874324798584
14,7,0.02,sgd,0.0414814814814815,7.586268186569214
28,8,0.1,gradient_boosting,0.04962962962962961,4.342245578765869
18,9,0.04,mlp,0.054444444444444434,24.859267234802246
21,10,0.02,gradient_boosting,0.06000000000000002,9.661438941955566
16,11,0.36,mlp,0.5203703703703704,20.532405138015747
23,12,0.02,gradient_boosting,0.6277777777777779,8.725854873657227
22,13,0.04,sgd,0.6948148148148149,7.063929796218872
13,1,0.1,extra_trees,0.011851851851851846,7.460891485214233
15,2,0.04,gradient_boosting,0.013703703703703708,12.588255167007446
12,3,0.08,gradient_boosting,0.015555555555555567,11.841282844543457
20,4,0.12,extra_trees,0.020370370370370372,7.782490253448486
27,5,0.04,extra_trees,0.02111111111111113,7.022788763046265
25,6,0.02,random_forest,0.02185185185185186,8.04874324798584
14,7,0.02,sgd,0.0414814814814815,7.586268186569214
28,8,0.1,gradient_boosting,0.04962962962962961,4.342245578765869
18,9,0.04,mlp,0.054444444444444434,24.859267234802246
21,10,0.02,gradient_boosting,0.06000000000000002,9.661438941955566
16,11,0.36,mlp,0.5203703703703704,20.532405138015747
23,12,0.02,gradient_boosting,0.6277777777777779,8.725854873657227
22,13,0.04,sgd,0.6948148148148149,7.063929796218872
13,1,0.1,extra_trees,0.011851851851851846,7.460891485214233
15,2,0.04,gradient_boosting,0.013703703703703708,12.588255167007446
12,3,0.08,gradient_boosting,0.015555555555555567,11.841282844543457
20,4,0.12,extra_trees,0.020370370370370372,7.782490253448486
27,5,0.04,extra_trees,0.02111111111111113,7.022788763046265
25,6,0.02,random_forest,0.02185185185185186,8.04874324798584
14,7,0.02,sgd,0.0414814814814815,7.586268186569214
28,8,0.1,gradient_boosting,0.04962962962962961,4.342245578765869
18,9,0.04,mlp,0.054444444444444434,24.859267234802246
21,10,0.02,gradient_boosting,0.06000000000000002,9.661438941955566
16,11,0.36,mlp,0.5203703703703704,20.532405138015747
23,12,0.02,gradient_boosting,0.6277777777777779,8.725854873657227
22,13,0.04,sgd,0.6948148148148149,7.063929796218872
13,1,0.1,extra_trees,0.011851851851851846,7.460891485214233
15,2,0.04,gradient_boosting,0.013703703703703708,12.588255167007446
12,3,0.08,gradient_boosting,0.015555555555555567,11.841282844543457
20,4,0.12,extra_trees,0.020370370370370372,7.782490253448486
27,5,0.04,extra_trees,0.02111111111111113,7.022788763046265
25,6,0.02,random_forest,0.02185185185185186,8.04874324798584
14,7,0.02,sgd,0.0414814814814815,7.586268186569214
28,8,0.1,gradient_boosting,0.04962962962962961,4.342245578765869
18,9,0.04,mlp,0.054444444444444434,24.859267234802246
21,10,0.02,gradient_boosting,0.06000000000000002,9.661438941955566
16,11,0.36,mlp,0.5203703703703704,20.532405138015747
23,12,0.02,gradient_boosting,0.6277777777777779,8.725854873657227
22,13,0.04,sgd,0.6948148148148149,7.063929796218872
13,1,0.1,extra_trees,0.011851851851851846,7.460891485214233
15,2,0.04,gradient_boosting,0.013703703703703708,12.588255167007446
12,3,0.08,gradient_boosting,0.015555555555555567,11.841282844543457
20,4,0.12,extra_trees,0.020370370370370372,7.782490253448486
27,5,0.04,extra_trees,0.02111111111111113,7.022788763046265
25,6,0.02,random_forest,0.02185185185185186,8.04874324798584
14,7,0.02,sgd,0.0414814814814815,7.586268186569214
28,8,0.1,gradient_boosting,0.04962962962962961,4.342245578765869
18,9,0.04,mlp,0.054444444444444434,24.859267234802246
21,10,0.02,gradient_boosting,0.06000000000000002,9.661438941955566
16,11,0.36,mlp,0.5203703703703704,20.532405138015747
23,12,0.02,gradient_boosting,0.6277777777777779,8.725854873657227
22,13,0.04,sgd,0.6948148148148149,7.063929796218872
13,1,0.1,extra_trees,0.011851851851851846,7.460891485214233
15,2,0.04,gradient_boosting,0.013703703703703708,12.588255167007446
12,3,0.08,gradient_boosting,0.015555555555555567,11.841282844543457
20,4,0.12,extra_trees,0.020370370370370372,7.782490253448486
27,5,0.04,extra_trees,0.02111111111111113,7.022788763046265
25,6,0.02,random_forest,0.02185185185185186,8.04874324798584
14,7,0.02,sgd,0.0414814814814815,7.586268186569214
28,8,0.1,gradient_boosting,0.04962962962962961,4.342245578765869
18,9,0.04,mlp,0.054444444444444434,24.859267234802246
21,10,0.02,gradient_boosting,0.06000000000000002,9.661438941955566
16,11,0.36,mlp,0.5203703703703704,20.532405138015747
23,12,0.02,gradient_boosting,0.6277777777777779,8.725854873657227
22,13,0.04,sgd,0.6948148148148149,7.063929796218872
13,1,0.1,extra_trees,0.011851851851851846,7.460891485214233
15,2,0.04,gradient_boosting,0.013703703703703708,12.588255167007446
12,3,0.08,gradient_boosting,0.015555555555555567,11.841282844543457
20,4,0.12,extra_trees,0.020370370370370372,7.782490253448486
27,5,0.04,extra_trees,0.02111111111111113,7.022788763046265
25,6,0.02,random_forest,0.02185185185185186,8.04874324798584
14,7,0.02,sgd,0.0414814814814815,7.586268186569214
28,8,0.1,gradient_boosting,0.04962962962962961,4.342245578765869
18,9,0.04,mlp,0.054444444444444434,24.859267234802246
21,10,0.02,gradient_boosting,0.06000000000000002,9.661438941955566
16,11,0.36,mlp,0.5203703703703704,20.532405138015747
23,12,0.02,gradient_boosting,0.6277777777777779,8.725854873657227
22,13,0.04,sgd,0.6948148148148149,7.063929796218872
27,1,0.18000000000000002,extra_trees,0.001851851851851838,9.512516021728516
14,2,0.060000000000000005,extra_trees,0.002962962962962967,7.852510452270508
18,3,0.020000000000000004,gradient_boosting,0.002962962962962967,8.983788251876831
13,4,0.020000000000000004,gradient_boosting,0.0037037037037036978,12.314500331878662
29,5,0.04000000000000001,gradient_boosting,0.012222222222222223,5.163983583450317
15,6,0.020000000000000004,sgd,0.015555555555555546,7.217630386352539
21,7,0.14000000000000004,extra_trees,0.0162962962962963,7.783808946609497
22,8,0.10000000000000002,gradient_boosting,0.03851851851851851,9.361072301864624
25,9,0.16000000000000003,gradient_boosting,0.0411111111111111,9.097275495529175
17,10,0.18000000000000002,mlp,0.417037037037037,20.57339096069336
23,11,0.08000000000000002,sgd,0.582962962962963,6.937368392944336
27,1,0.18000000000000002,extra_trees,0.001851851851851838,9.512516021728516
14,2,0.060000000000000005,extra_trees,0.002962962962962967,7.852510452270508
18,3,0.020000000000000004,gradient_boosting,0.002962962962962967,8.983788251876831
13,4,0.020000000000000004,gradient_boosting,0.0037037037037036978,12.314500331878662
29,5,0.04000000000000001,gradient_boosting,0.012222222222222223,5.163983583450317
15,6,0.020000000000000004,sgd,0.015555555555555546,7.217630386352539
21,7,0.14000000000000004,extra_trees,0.0162962962962963,7.783808946609497
22,8,0.10000000000000002,gradient_boosting,0.03851851851851851,9.361072301864624
25,9,0.16000000000000003,gradient_boosting,0.0411111111111111,9.097275495529175
17,10,0.18000000000000002,mlp,0.417037037037037,20.57339096069336
23,11,0.08000000000000002,sgd,0.582962962962963,6.937368392944336
27,1,0.18000000000000002,extra_trees,0.001851851851851838,9.512516021728516
14,2,0.060000000000000005,extra_trees,0.002962962962962967,7.852510452270508
18,3,0.020000000000000004,gradient_boosting,0.002962962962962967,8.983788251876831
13,4,0.020000000000000004,gradient_boosting,0.0037037037037036978,12.314500331878662
29,5,0.04000000000000001,gradient_boosting,0.012222222222222223,5.163983583450317
15,6,0.020000000000000004,sgd,0.015555555555555546,7.217630386352539
21,7,0.14000000000000004,extra_trees,0.0162962962962963,7.783808946609497
22,8,0.10000000000000002,gradient_boosting,0.03851851851851851,9.361072301864624
25,9,0.16000000000000003,gradient_boosting,0.0411111111111111,9.097275495529175
17,10,0.18000000000000002,mlp,0.417037037037037,20.57339096069336
23,11,0.08000000000000002,sgd,0.582962962962963,6.937368392944336
27,1,0.18000000000000002,extra_trees,0.001851851851851838,9.512516021728516
14,2,0.060000000000000005,extra_trees,0.002962962962962967,7.852510452270508
18,3,0.020000000000000004,gradient_boosting,0.002962962962962967,8.983788251876831
13,4,0.020000000000000004,gradient_boosting,0.0037037037037036978,12.314500331878662
29,5,0.04000000000000001,gradient_boosting,0.012222222222222223,5.163983583450317
15,6,0.020000000000000004,sgd,0.015555555555555546,7.217630386352539
21,7,0.14000000000000004,extra_trees,0.0162962962962963,7.783808946609497
22,8,0.10000000000000002,gradient_boosting,0.03851851851851851,9.361072301864624
25,9,0.16000000000000003,gradient_boosting,0.0411111111111111,9.097275495529175
17,10,0.18000000000000002,mlp,0.417037037037037,20.57339096069336
23,11,0.08000000000000002,sgd,0.582962962962963,6.937368392944336
27,1,0.18000000000000002,extra_trees,0.001851851851851838,9.512516021728516
14,2,0.060000000000000005,extra_trees,0.002962962962962967,7.852510452270508
18,3,0.020000000000000004,gradient_boosting,0.002962962962962967,8.983788251876831
13,4,0.020000000000000004,gradient_boosting,0.0037037037037036978,12.314500331878662
29,5,0.04000000000000001,gradient_boosting,0.012222222222222223,5.163983583450317
15,6,0.020000000000000004,sgd,0.015555555555555546,7.217630386352539
21,7,0.14000000000000004,extra_trees,0.0162962962962963,7.783808946609497
22,8,0.10000000000000002,gradient_boosting,0.03851851851851851,9.361072301864624
25,9,0.16000000000000003,gradient_boosting,0.0411111111111111,9.097275495529175
17,10,0.18000000000000002,mlp,0.417037037037037,20.57339096069336
23,11,0.08000000000000002,sgd,0.582962962962963,6.937368392944336
27,1,0.18000000000000002,extra_trees,0.001851851851851838,9.512516021728516
14,2,0.060000000000000005,extra_trees,0.002962962962962967,7.852510452270508
18,3,0.020000000000000004,gradient_boosting,0.002962962962962967,8.983788251876831
13,4,0.020000000000000004,gradient_boosting,0.0037037037037036978,12.314500331878662
29,5,0.04000000000000001,gradient_boosting,0.012222222222222223,5.163983583450317
15,6,0.020000000000000004,sgd,0.015555555555555546,7.217630386352539
21,7,0.14000000000000004,extra_trees,0.0162962962962963,7.783808946609497
22,8,0.10000000000000002,gradient_boosting,0.03851851851851851,9.361072301864624
25,9,0.16000000000000003,gradient_boosting,0.0411111111111111,9.097275495529175
17,10,0.18000000000000002,mlp,0.417037037037037,20.57339096069336
23,11,0.08000000000000002,sgd,0.582962962962963,6.937368392944336
27,1,0.18000000000000002,extra_trees,0.001851851851851838,9.512516021728516
14,2,0.060000000000000005,extra_trees,0.002962962962962967,7.852510452270508
18,3,0.020000000000000004,gradient_boosting,0.002962962962962967,8.983788251876831
13,4,0.020000000000000004,gradient_boosting,0.0037037037037036978,12.314500331878662
29,5,0.04000000000000001,gradient_boosting,0.012222222222222223,5.163983583450317
15,6,0.020000000000000004,sgd,0.015555555555555546,7.217630386352539
21,7,0.14000000000000004,extra_trees,0.0162962962962963,7.783808946609497
22,8,0.10000000000000002,gradient_boosting,0.03851851851851851,9.361072301864624
25,9,0.16000000000000003,gradient_boosting,0.0411111111111111,9.097275495529175
17,10,0.18000000000000002,mlp,0.417037037037037,20.57339096069336
23,11,0.08000000000000002,sgd,0.582962962962963,6.937368392944336
27,1,0.18000000000000002,extra_trees,0.001851851851851838,9.512516021728516
14,2,0.060000000000000005,extra_trees,0.002962962962962967,7.852510452270508
18,3,0.020000000000000004,gradient_boosting,0.002962962962962967,8.983788251876831
13,4,0.020000000000000004,gradient_boosting,0.0037037037037036978,12.314500331878662
29,5,0.04000000000000001,gradient_boosting,0.012222222222222223,5.163983583450317
15,6,0.020000000000000004,sgd,0.015555555555555546,7.217630386352539
21,7,0.14000000000000004,extra_trees,0.0162962962962963,7.783808946609497
22,8,0.10000000000000002,gradient_boosting,0.03851851851851851,9.361072301864624
25,9,0.16000000000000003,gradient_boosting,0.0411111111111111,9.097275495529175
17,10,0.18000000000000002,mlp,0.417037037037037,20.57339096069336
23,11,0.08000000000000002,sgd,0.582962962962963,6.937368392944336
17,1,0.08,gradient_boosting,0.0003703703703703765,10.752605199813843
29,2,0.06,extra_trees,0.0007407407407407307,7.5391762256622314
14,3,0.08,gradient_boosting,0.000740740740740753,12.625482082366943
21,4,0.06,gradient_boosting,0.000740740740740753,8.778560876846313
28,5,0.02,extra_trees,0.000740740740740753,9.436298131942749
15,6,0.06,extra_trees,0.0011111111111111072,7.569543123245239
19,7,0.06,gradient_boosting,0.0011111111111111295,9.167229890823364
23,8,0.1,gradient_boosting,0.007407407407407418,9.899980545043945
22,9,0.06,extra_trees,0.008148148148148147,7.878859519958496
30,10,0.12,gradient_boosting,0.008518518518518503,5.109923601150513
20,11,0.02,mlp,0.00888888888888888,24.385713577270508
26,12,0.04,gradient_boosting,0.014444444444444461,9.201406240463257
16,13,0.04,sgd,0.02259259259259259,6.6642115116119385
25,14,0.06,gradient_boosting,0.26666666666666666,8.760407447814941
18,15,0.12,mlp,0.48444444444444446,20.557565689086914
24,16,0.02,sgd,0.6807407407407409,6.895906686782837
17,1,0.08,gradient_boosting,0.0003703703703703765,10.752605199813843
29,2,0.06,extra_trees,0.0007407407407407307,7.5391762256622314
14,3,0.08,gradient_boosting,0.000740740740740753,12.625482082366943
21,4,0.06,gradient_boosting,0.000740740740740753,8.778560876846313
28,5,0.02,extra_trees,0.000740740740740753,9.436298131942749
15,6,0.06,extra_trees,0.0011111111111111072,7.569543123245239
19,7,0.06,gradient_boosting,0.0011111111111111295,9.167229890823364
23,8,0.1,gradient_boosting,0.007407407407407418,9.899980545043945
22,9,0.06,extra_trees,0.008148148148148147,7.878859519958496
30,10,0.12,gradient_boosting,0.008518518518518503,5.109923601150513
20,11,0.02,mlp,0.00888888888888888,24.385713577270508
26,12,0.04,gradient_boosting,0.014444444444444461,9.201406240463257
16,13,0.04,sgd,0.02259259259259259,6.6642115116119385
25,14,0.06,gradient_boosting,0.26666666666666666,8.760407447814941
18,15,0.12,mlp,0.48444444444444446,20.557565689086914
24,16,0.02,sgd,0.6807407407407409,6.895906686782837
17,1,0.08,gradient_boosting,0.0003703703703703765,10.752605199813843
29,2,0.06,extra_trees,0.0007407407407407307,7.5391762256622314
14,3,0.08,gradient_boosting,0.000740740740740753,12.625482082366943
21,4,0.06,gradient_boosting,0.000740740740740753,8.778560876846313
28,5,0.02,extra_trees,0.000740740740740753,9.436298131942749
15,6,0.06,extra_trees,0.0011111111111111072,7.569543123245239
19,7,0.06,gradient_boosting,0.0011111111111111295,9.167229890823364
23,8,0.1,gradient_boosting,0.007407407407407418,9.899980545043945
22,9,0.06,extra_trees,0.008148148148148147,7.878859519958496
30,10,0.12,gradient_boosting,0.008518518518518503,5.109923601150513
20,11,0.02,mlp,0.00888888888888888,24.385713577270508
26,12,0.04,gradient_boosting,0.014444444444444461,9.201406240463257
16,13,0.04,sgd,0.02259259259259259,6.6642115116119385
25,14,0.06,gradient_boosting,0.26666666666666666,8.760407447814941
18,15,0.12,mlp,0.48444444444444446,20.557565689086914
24,16,0.02,sgd,0.6807407407407409,6.895906686782837
17,1,0.08,gradient_boosting,0.0003703703703703765,10.752605199813843
29,2,0.06,extra_trees,0.0007407407407407307,7.5391762256622314
14,3,0.08,gradient_boosting,0.000740740740740753,12.625482082366943
21,4,0.06,gradient_boosting,0.000740740740740753,8.778560876846313
28,5,0.02,extra_trees,0.000740740740740753,9.436298131942749
15,6,0.06,extra_trees,0.0011111111111111072,7.569543123245239
19,7,0.06,gradient_boosting,0.0011111111111111295,9.167229890823364
23,8,0.1,gradient_boosting,0.007407407407407418,9.899980545043945
22,9,0.06,extra_trees,0.008148148148148147,7.878859519958496
30,10,0.12,gradient_boosting,0.008518518518518503,5.109923601150513
20,11,0.02,mlp,0.00888888888888888,24.385713577270508
26,12,0.04,gradient_boosting,0.014444444444444461,9.201406240463257
16,13,0.04,sgd,0.02259259259259259,6.6642115116119385
25,14,0.06,gradient_boosting,0.26666666666666666,8.760407447814941
18,15,0.12,mlp,0.48444444444444446,20.557565689086914
24,16,0.02,sgd,0.6807407407407409,6.895906686782837
17,1,0.08,gradient_boosting,0.0003703703703703765,10.752605199813843
29,2,0.06,extra_trees,0.0007407407407407307,7.5391762256622314
14,3,0.08,gradient_boosting,0.000740740740740753,12.625482082366943
21,4,0.06,gradient_boosting,0.000740740740740753,8.778560876846313
28,5,0.02,extra_trees,0.000740740740740753,9.436298131942749
15,6,0.06,extra_trees,0.0011111111111111072,7.569543123245239
19,7,0.06,gradient_boosting,0.0011111111111111295,9.167229890823364
23,8,0.1,gradient_boosting,0.007407407407407418,9.899980545043945
22,9,0.06,extra_trees,0.008148148148148147,7.878859519958496
30,10,0.12,gradient_boosting,0.008518518518518503,5.109923601150513
20,11,0.02,mlp,0.00888888888888888,24.385713577270508
26,12,0.04,gradient_boosting,0.014444444444444461,9.201406240463257
16,13,0.04,sgd,0.02259259259259259,6.6642115116119385
25,14,0.06,gradient_boosting,0.26666666666666666,8.760407447814941
18,15,0.12,mlp,0.48444444444444446,20.557565689086914
24,16,0.02,sgd,0.6807407407407409,6.895906686782837
17,1,0.08,gradient_boosting,0.0003703703703703765,10.752605199813843
29,2,0.06,extra_trees,0.0007407407407407307,7.5391762256622314
14,3,0.08,gradient_boosting,0.000740740740740753,12.625482082366943
21,4,0.06,gradient_boosting,0.000740740740740753,8.778560876846313
28,5,0.02,extra_trees,0.000740740740740753,9.436298131942749
15,6,0.06,extra_trees,0.0011111111111111072,7.569543123245239
19,7,0.06,gradient_boosting,0.0011111111111111295,9.167229890823364
23,8,0.1,gradient_boosting,0.007407407407407418,9.899980545043945
22,9,0.06,extra_trees,0.008148148148148147,7.878859519958496
30,10,0.12,gradient_boosting,0.008518518518518503,5.109923601150513
20,11,0.02,mlp,0.00888888888888888,24.385713577270508
26,12,0.04,gradient_boosting,0.014444444444444461,9.201406240463257
16,13,0.04,sgd,0.02259259259259259,6.6642115116119385
25,14,0.06,gradient_boosting,0.26666666666666666,8.760407447814941
18,15,0.12,mlp,0.48444444444444446,20.557565689086914
24,16,0.02,sgd,0.6807407407407409,6.895906686782837
17,1,0.08,gradient_boosting,0.0003703703703703765,10.752605199813843
29,2,0.06,extra_trees,0.0007407407407407307,7.5391762256622314
14,3,0.08,gradient_boosting,0.000740740740740753,12.625482082366943
21,4,0.06,gradient_boosting,0.000740740740740753,8.778560876846313
28,5,0.02,extra_trees,0.000740740740740753,9.436298131942749
15,6,0.06,extra_trees,0.0011111111111111072,7.569543123245239
19,7,0.06,gradient_boosting,0.0011111111111111295,9.167229890823364
23,8,0.1,gradient_boosting,0.007407407407407418,9.899980545043945
22,9,0.06,extra_trees,0.008148148148148147,7.878859519958496
30,10,0.12,gradient_boosting,0.008518518518518503,5.109923601150513
20,11,0.02,mlp,0.00888888888888888,24.385713577270508
26,12,0.04,gradient_boosting,0.014444444444444461,9.201406240463257
16,13,0.04,sgd,0.02259259259259259,6.6642115116119385
25,14,0.06,gradient_boosting,0.26666666666666666,8.760407447814941
18,15,0.12,mlp,0.48444444444444446,20.557565689086914
24,16,0.02,sgd,0.6807407407407409,6.895906686782837
17,1,0.08,gradient_boosting,0.0003703703703703765,10.752605199813843
29,2,0.06,extra_trees,0.0007407407407407307,7.5391762256622314
14,3,0.08,gradient_boosting,0.000740740740740753,12.625482082366943
21,4,0.06,gradient_boosting,0.000740740740740753,8.778560876846313
28,5,0.02,extra_trees,0.000740740740740753,9.436298131942749
15,6,0.06,extra_trees,0.0011111111111111072,7.569543123245239
19,7,0.06,gradient_boosting,0.0011111111111111295,9.167229890823364
23,8,0.1,gradient_boosting,0.007407407407407418,9.899980545043945
22,9,0.06,extra_trees,0.008148148148148147,7.878859519958496
30,10,0.12,gradient_boosting,0.008518518518518503,5.109923601150513
20,11,0.02,mlp,0.00888888888888888,24.385713577270508
26,12,0.04,gradient_boosting,0.014444444444444461,9.201406240463257
16,13,0.04,sgd,0.02259259259259259,6.6642115116119385
25,14,0.06,gradient_boosting,0.26666666666666666,8.760407447814941
18,15,0.12,mlp,0.48444444444444446,20.557565689086914
24,16,0.02,sgd,0.6807407407407409,6.895906686782837
18,1,0.14,gradient_boosting,0.018518518518518514,13.493725538253784
22,2,0.1,gradient_boosting,0.020740740740740747,9.754728555679321
29,3,0.12,extra_trees,0.023703703703703716,8.480634212493896
16,4,0.06,extra_trees,0.025185185185185203,7.855686187744141
30,5,0.02,extra_trees,0.03444444444444446,6.844242334365845
23,6,0.04,extra_trees,0.03592592592592594,8.06338620185852
17,7,0.04,sgd,0.047037037037037016,6.783119440078735
24,8,0.02,gradient_boosting,0.07222222222222219,9.407695293426514
19,9,0.32,mlp,0.4966666666666667,20.75050163269043
25,10,0.14,sgd,0.5988888888888889,7.3543431758880615
18,1,0.14,gradient_boosting,0.018518518518518514,13.493725538253784
22,2,0.1,gradient_boosting,0.020740740740740747,9.754728555679321
29,3,0.12,extra_trees,0.023703703703703716,8.480634212493896
16,4,0.06,extra_trees,0.025185185185185203,7.855686187744141
30,5,0.02,extra_trees,0.03444444444444446,6.844242334365845
23,6,0.04,extra_trees,0.03592592592592594,8.06338620185852
17,7,0.04,sgd,0.047037037037037016,6.783119440078735
24,8,0.02,gradient_boosting,0.07222222222222219,9.407695293426514
19,9,0.32,mlp,0.4966666666666667,20.75050163269043
25,10,0.14,sgd,0.5988888888888889,7.3543431758880615
18,1,0.14,gradient_boosting,0.018518518518518514,13.493725538253784
22,2,0.1,gradient_boosting,0.020740740740740747,9.754728555679321
29,3,0.12,extra_trees,0.023703703703703716,8.480634212493896
16,4,0.06,extra_trees,0.025185185185185203,7.855686187744141
30,5,0.02,extra_trees,0.03444444444444446,6.844242334365845
23,6,0.04,extra_trees,0.03592592592592594,8.06338620185852
17,7,0.04,sgd,0.047037037037037016,6.783119440078735
24,8,0.02,gradient_boosting,0.07222222222222219,9.407695293426514
19,9,0.32,mlp,0.4966666666666667,20.75050163269043
25,10,0.14,sgd,0.5988888888888889,7.3543431758880615
18,1,0.14,gradient_boosting,0.018518518518518514,13.493725538253784
22,2,0.1,gradient_boosting,0.020740740740740747,9.754728555679321
29,3,0.12,extra_trees,0.023703703703703716,8.480634212493896
16,4,0.06,extra_trees,0.025185185185185203,7.855686187744141
30,5,0.02,extra_trees,0.03444444444444446,6.844242334365845
23,6,0.04,extra_trees,0.03592592592592594,8.06338620185852
17,7,0.04,sgd,0.047037037037037016,6.783119440078735
24,8,0.02,gradient_boosting,0.07222222222222219,9.407695293426514
19,9,0.32,mlp,0.4966666666666667,20.75050163269043
25,10,0.14,sgd,0.5988888888888889,7.3543431758880615
18,1,0.14,gradient_boosting,0.018518518518518514,13.493725538253784
22,2,0.1,gradient_boosting,0.020740740740740747,9.754728555679321
29,3,0.12,extra_trees,0.023703703703703716,8.480634212493896
16,4,0.06,extra_trees,0.025185185185185203,7.855686187744141
30,5,0.02,extra_trees,0.03444444444444446,6.844242334365845
23,6,0.04,extra_trees,0.03592592592592594,8.06338620185852
17,7,0.04,sgd,0.047037037037037016,6.783119440078735
24,8,0.02,gradient_boosting,0.07222222222222219,9.407695293426514
19,9,0.32,mlp,0.4966666666666667,20.75050163269043
25,10,0.14,sgd,0.5988888888888889,7.3543431758880615
18,1,0.14,gradient_boosting,0.018518518518518514,13.493725538253784
22,2,0.1,gradient_boosting,0.020740740740740747,9.754728555679321
29,3,0.12,extra_trees,0.023703703703703716,8.480634212493896
16,4,0.06,extra_trees,0.025185185185185203,7.855686187744141
30,5,0.02,extra_trees,0.03444444444444446,6.844242334365845
23,6,0.04,extra_trees,0.03592592592592594,8.06338620185852
17,7,0.04,sgd,0.047037037037037016,6.783119440078735
24,8,0.02,gradient_boosting,0.07222222222222219,9.407695293426514
19,9,0.32,mlp,0.4966666666666667,20.75050163269043
25,10,0.14,sgd,0.5988888888888889,7.3543431758880615
18,1,0.14,gradient_boosting,0.018518518518518514,13.493725538253784
22,2,0.1,gradient_boosting,0.020740740740740747,9.754728555679321
29,3,0.12,extra_trees,0.023703703703703716,8.480634212493896
16,4,0.06,extra_trees,0.025185185185185203,7.855686187744141
30,5,0.02,extra_trees,0.03444444444444446,6.844242334365845
23,6,0.04,extra_trees,0.03592592592592594,8.06338620185852
17,7,0.04,sgd,0.047037037037037016,6.783119440078735
24,8,0.02,gradient_boosting,0.07222222222222219,9.407695293426514
19,9,0.32,mlp,0.4966666666666667,20.75050163269043
25,10,0.14,sgd,0.5988888888888889,7.3543431758880615
18,1,0.14,gradient_boosting,0.018518518518518514,13.493725538253784
22,2,0.1,gradient_boosting,0.020740740740740747,9.754728555679321
29,3,0.12,extra_trees,0.023703703703703716,8.480634212493896
16,4,0.06,extra_trees,0.025185185185185203,7.855686187744141
30,5,0.02,extra_trees,0.03444444444444446,6.844242334365845
23,6,0.04,extra_trees,0.03592592592592594,8.06338620185852
17,7,0.04,sgd,0.047037037037037016,6.783119440078735
24,8,0.02,gradient_boosting,0.07222222222222219,9.407695293426514
19,9,0.32,mlp,0.4966666666666667,20.75050163269043
25,10,0.14,sgd,0.5988888888888889,7.3543431758880615
16,1,0.06,gradient_boosting,0.020370370370370375,12.146028995513916
30,2,0.06,extra_trees,0.020740740740740754,9.874798059463501
19,3,0.08,gradient_boosting,0.021111111111111105,13.052964925765991
17,4,0.08,extra_trees,0.024074074074074074,8.181205987930298
29,5,0.02,random_forest,0.026296296296296286,7.680271148681641
31,6,0.02,extra_trees,0.0322222222222222,7.089548587799072
32,7,0.02,gradient_boosting,0.03629629629629632,5.4389259815216064
18,8,0.08,sgd,0.042592592592592605,6.993151426315308
25,9,0.02,gradient_boosting,0.08444444444444446,9.399015426635742
22,10,0.12,mlp,0.08814814814814814,24.32082986831665
20,11,0.28,mlp,0.41629629629629633,20.138826370239258
26,12,0.16,sgd,0.7396296296296296,7.16025710105896
16,1,0.06,gradient_boosting,0.020370370370370375,12.146028995513916
30,2,0.06,extra_trees,0.020740740740740754,9.874798059463501
19,3,0.08,gradient_boosting,0.021111111111111105,13.052964925765991
17,4,0.08,extra_trees,0.024074074074074074,8.181205987930298
29,5,0.02,random_forest,0.026296296296296286,7.680271148681641
31,6,0.02,extra_trees,0.0322222222222222,7.089548587799072
32,7,0.02,gradient_boosting,0.03629629629629632,5.4389259815216064
18,8,0.08,sgd,0.042592592592592605,6.993151426315308
25,9,0.02,gradient_boosting,0.08444444444444446,9.399015426635742
22,10,0.12,mlp,0.08814814814814814,24.32082986831665
20,11,0.28,mlp,0.41629629629629633,20.138826370239258
26,12,0.16,sgd,0.7396296296296296,7.16025710105896
16,1,0.06,gradient_boosting,0.020370370370370375,12.146028995513916
30,2,0.06,extra_trees,0.020740740740740754,9.874798059463501
19,3,0.08,gradient_boosting,0.021111111111111105,13.052964925765991
17,4,0.08,extra_trees,0.024074074074074074,8.181205987930298
29,5,0.02,random_forest,0.026296296296296286,7.680271148681641
31,6,0.02,extra_trees,0.0322222222222222,7.089548587799072
32,7,0.02,gradient_boosting,0.03629629629629632,5.4389259815216064
18,8,0.08,sgd,0.042592592592592605,6.993151426315308
25,9,0.02,gradient_boosting,0.08444444444444446,9.399015426635742
22,10,0.12,mlp,0.08814814814814814,24.32082986831665
20,11,0.28,mlp,0.41629629629629633,20.138826370239258
26,12,0.16,sgd,0.7396296296296296,7.16025710105896
16,1,0.06,gradient_boosting,0.020370370370370375,12.146028995513916
30,2,0.06,extra_trees,0.020740740740740754,9.874798059463501
19,3,0.08,gradient_boosting,0.021111111111111105,13.052964925765991
17,4,0.08,extra_trees,0.024074074074074074,8.181205987930298
29,5,0.02,random_forest,0.026296296296296286,7.680271148681641
31,6,0.02,extra_trees,0.0322222222222222,7.089548587799072
32,7,0.02,gradient_boosting,0.03629629629629632,5.4389259815216064
18,8,0.08,sgd,0.042592592592592605,6.993151426315308
25,9,0.02,gradient_boosting,0.08444444444444446,9.399015426635742
22,10,0.12,mlp,0.08814814814814814,24.32082986831665
20,11,0.28,mlp,0.41629629629629633,20.138826370239258
26,12,0.16,sgd,0.7396296296296296,7.16025710105896
16,1,0.06,gradient_boosting,0.020370370370370375,12.146028995513916
30,2,0.06,extra_trees,0.020740740740740754,9.874798059463501
19,3,0.08,gradient_boosting,0.021111111111111105,13.052964925765991
17,4,0.08,extra_trees,0.024074074074074074,8.181205987930298
29,5,0.02,random_forest,0.026296296296296286,7.680271148681641
31,6,0.02,extra_trees,0.0322222222222222,7.089548587799072
32,7,0.02,gradient_boosting,0.03629629629629632,5.4389259815216064
18,8,0.08,sgd,0.042592592592592605,6.993151426315308
25,9,0.02,gradient_boosting,0.08444444444444446,9.399015426635742
22,10,0.12,mlp,0.08814814814814814,24.32082986831665
20,11,0.28,mlp,0.41629629629629633,20.138826370239258
26,12,0.16,sgd,0.7396296296296296,7.16025710105896
16,1,0.06,gradient_boosting,0.020370370370370375,12.146028995513916
30,2,0.06,extra_trees,0.020740740740740754,9.874798059463501
19,3,0.08,gradient_boosting,0.021111111111111105,13.052964925765991
17,4,0.08,extra_trees,0.024074074074074074,8.181205987930298
29,5,0.02,random_forest,0.026296296296296286,7.680271148681641
31,6,0.02,extra_trees,0.0322222222222222,7.089548587799072
32,7,0.02,gradient_boosting,0.03629629629629632,5.4389259815216064
18,8,0.08,sgd,0.042592592592592605,6.993151426315308
25,9,0.02,gradient_boosting,0.08444444444444446,9.399015426635742
22,10,0.12,mlp,0.08814814814814814,24.32082986831665
20,11,0.28,mlp,0.41629629629629633,20.138826370239258
26,12,0.16,sgd,0.7396296296296296,7.16025710105896
16,1,0.06,gradient_boosting,0.020370370370370375,12.146028995513916
30,2,0.06,extra_trees,0.020740740740740754,9.874798059463501
19,3,0.08,gradient_boosting,0.021111111111111105,13.052964925765991
17,4,0.08,extra_trees,0.024074074074074074,8.181205987930298
29,5,0.02,random_forest,0.026296296296296286,7.680271148681641
31,6,0.02,extra_trees,0.0322222222222222,7.089548587799072
32,7,0.02,gradient_boosting,0.03629629629629632,5.4389259815216064
18,8,0.08,sgd,0.042592592592592605,6.993151426315308
25,9,0.02,gradient_boosting,0.08444444444444446,9.399015426635742
22,10,0.12,mlp,0.08814814814814814,24.32082986831665
20,11,0.28,mlp,0.41629629629629633,20.138826370239258
26,12,0.16,sgd,0.7396296296296296,7.16025710105896
16,1,0.06,gradient_boosting,0.020370370370370375,12.146028995513916
30,2,0.06,extra_trees,0.020740740740740754,9.874798059463501
19,3,0.08,gradient_boosting,0.021111111111111105,13.052964925765991
17,4,0.08,extra_trees,0.024074074074074074,8.181205987930298
29,5,0.02,random_forest,0.026296296296296286,7.680271148681641
31,6,0.02,extra_trees,0.0322222222222222,7.089548587799072
32,7,0.02,gradient_boosting,0.03629629629629632,5.4389259815216064
18,8,0.08,sgd,0.042592592592592605,6.993151426315308
25,9,0.02,gradient_boosting,0.08444444444444446,9.399015426635742
22,10,0.12,mlp,0.08814814814814814,24.32082986831665
20,11,0.28,mlp,0.41629629629629633,20.138826370239258
26,12,0.16,sgd,0.7396296296296296,7.16025710105896
18,1,0.16,extra_trees,0.0,7.980519771575928
24,2,0.02,gradient_boosting,0.0014814814814814838,8.92835021018982
31,3,0.26,extra_trees,0.0014814814814814838,9.134106397628784
22,4,0.02,gradient_boosting,0.0018518518518518602,8.856969356536865
32,5,0.02,extra_trees,0.0018518518518518602,7.557618856430054
25,6,0.04,extra_trees,0.0022222222222221923,7.762155771255493
17,7,0.04,gradient_boosting,0.0022222222222222365,12.645973682403564
30,8,0.02,random_forest,0.0025925925925925687,7.641905784606934
29,9,0.04,gradient_boosting,0.009259259259259255,9.353005170822144
23,10,0.02,mlp,0.009259259259259257,24.344646215438843
26,11,0.06,gradient_boosting,0.011481481481481471,9.873521089553833
19,12,0.08,sgd,0.015555555555555545,6.8713438510894775
28,13,0.08,gradient_boosting,0.2925925925925926,8.667039155960083
21,14,0.06,mlp,0.4688888888888889,20.60282564163208
27,15,0.08,sgd,0.6277777777777778,7.889662742614746
18,1,0.16,extra_trees,0.0,7.980519771575928
24,2,0.02,gradient_boosting,0.0014814814814814838,8.92835021018982
31,3,0.26,extra_trees,0.0014814814814814838,9.134106397628784
22,4,0.02,gradient_boosting,0.0018518518518518602,8.856969356536865
32,5,0.02,extra_trees,0.0018518518518518602,7.557618856430054
25,6,0.04,extra_trees,0.0022222222222221923,7.762155771255493
17,7,0.04,gradient_boosting,0.0022222222222222365,12.645973682403564
30,8,0.02,random_forest,0.0025925925925925687,7.641905784606934
29,9,0.04,gradient_boosting,0.009259259259259255,9.353005170822144
23,10,0.02,mlp,0.009259259259259257,24.344646215438843
26,11,0.06,gradient_boosting,0.011481481481481471,9.873521089553833
19,12,0.08,sgd,0.015555555555555545,6.8713438510894775
28,13,0.08,gradient_boosting,0.2925925925925926,8.667039155960083
21,14,0.06,mlp,0.4688888888888889,20.60282564163208
27,15,0.08,sgd,0.6277777777777778,7.889662742614746
18,1,0.16,extra_trees,0.0,7.980519771575928
24,2,0.02,gradient_boosting,0.0014814814814814838,8.92835021018982
31,3,0.26,extra_trees,0.0014814814814814838,9.134106397628784
22,4,0.02,gradient_boosting,0.0018518518518518602,8.856969356536865
32,5,0.02,extra_trees,0.0018518518518518602,7.557618856430054
25,6,0.04,extra_trees,0.0022222222222221923,7.762155771255493
17,7,0.04,gradient_boosting,0.0022222222222222365,12.645973682403564
30,8,0.02,random_forest,0.0025925925925925687,7.641905784606934
29,9,0.04,gradient_boosting,0.009259259259259255,9.353005170822144
23,10,0.02,mlp,0.009259259259259257,24.344646215438843
26,11,0.06,gradient_boosting,0.011481481481481471,9.873521089553833
19,12,0.08,sgd,0.015555555555555545,6.8713438510894775
28,13,0.08,gradient_boosting,0.2925925925925926,8.667039155960083
21,14,0.06,mlp,0.4688888888888889,20.60282564163208
27,15,0.08,sgd,0.6277777777777778,7.889662742614746
18,1,0.16,extra_trees,0.0,7.980519771575928
24,2,0.02,gradient_boosting,0.0014814814814814838,8.92835021018982
31,3,0.26,extra_trees,0.0014814814814814838,9.134106397628784
22,4,0.02,gradient_boosting,0.0018518518518518602,8.856969356536865
32,5,0.02,extra_trees,0.0018518518518518602,7.557618856430054
25,6,0.04,extra_trees,0.0022222222222221923,7.762155771255493
17,7,0.04,gradient_boosting,0.0022222222222222365,12.645973682403564
30,8,0.02,random_forest,0.0025925925925925687,7.641905784606934
29,9,0.04,gradient_boosting,0.009259259259259255,9.353005170822144
23,10,0.02,mlp,0.009259259259259257,24.344646215438843
26,11,0.06,gradient_boosting,0.011481481481481471,9.873521089553833
19,12,0.08,sgd,0.015555555555555545,6.8713438510894775
28,13,0.08,gradient_boosting,0.2925925925925926,8.667039155960083
21,14,0.06,mlp,0.4688888888888889,20.60282564163208
27,15,0.08,sgd,0.6277777777777778,7.889662742614746
18,1,0.16,extra_trees,0.0,7.980519771575928
24,2,0.02,gradient_boosting,0.0014814814814814838,8.92835021018982
31,3,0.26,extra_trees,0.0014814814814814838,9.134106397628784
22,4,0.02,gradient_boosting,0.0018518518518518602,8.856969356536865
32,5,0.02,extra_trees,0.0018518518518518602,7.557618856430054
25,6,0.04,extra_trees,0.0022222222222221923,7.762155771255493
17,7,0.04,gradient_boosting,0.0022222222222222365,12.645973682403564
30,8,0.02,random_forest,0.0025925925925925687,7.641905784606934
29,9,0.04,gradient_boosting,0.009259259259259255,9.353005170822144
23,10,0.02,mlp,0.009259259259259257,24.344646215438843
26,11,0.06,gradient_boosting,0.011481481481481471,9.873521089553833
19,12,0.08,sgd,0.015555555555555545,6.8713438510894775
28,13,0.08,gradient_boosting,0.2925925925925926,8.667039155960083
21,14,0.06,mlp,0.4688888888888889,20.60282564163208
27,15,0.08,sgd,0.6277777777777778,7.889662742614746
18,1,0.16,extra_trees,0.0,7.980519771575928
24,2,0.02,gradient_boosting,0.0014814814814814838,8.92835021018982
31,3,0.26,extra_trees,0.0014814814814814838,9.134106397628784
22,4,0.02,gradient_boosting,0.0018518518518518602,8.856969356536865
32,5,0.02,extra_trees,0.0018518518518518602,7.557618856430054
25,6,0.04,extra_trees,0.0022222222222221923,7.762155771255493
17,7,0.04,gradient_boosting,0.0022222222222222365,12.645973682403564
30,8,0.02,random_forest,0.0025925925925925687,7.641905784606934
29,9,0.04,gradient_boosting,0.009259259259259255,9.353005170822144
23,10,0.02,mlp,0.009259259259259257,24.344646215438843
26,11,0.06,gradient_boosting,0.011481481481481471,9.873521089553833
19,12,0.08,sgd,0.015555555555555545,6.8713438510894775
28,13,0.08,gradient_boosting,0.2925925925925926,8.667039155960083
21,14,0.06,mlp,0.4688888888888889,20.60282564163208
27,15,0.08,sgd,0.6277777777777778,7.889662742614746
18,1,0.16,extra_trees,0.0,7.980519771575928
24,2,0.02,gradient_boosting,0.0014814814814814838,8.92835021018982
31,3,0.26,extra_trees,0.0014814814814814838,9.134106397628784
22,4,0.02,gradient_boosting,0.0018518518518518602,8.856969356536865
32,5,0.02,extra_trees,0.0018518518518518602,7.557618856430054
25,6,0.04,extra_trees,0.0022222222222221923,7.762155771255493
17,7,0.04,gradient_boosting,0.0022222222222222365,12.645973682403564
30,8,0.02,random_forest,0.0025925925925925687,7.641905784606934
29,9,0.04,gradient_boosting,0.009259259259259255,9.353005170822144
23,10,0.02,mlp,0.009259259259259257,24.344646215438843
26,11,0.06,gradient_boosting,0.011481481481481471,9.873521089553833
19,12,0.08,sgd,0.015555555555555545,6.8713438510894775
28,13,0.08,gradient_boosting,0.2925925925925926,8.667039155960083
21,14,0.06,mlp,0.4688888888888889,20.60282564163208
27,15,0.08,sgd,0.6277777777777778,7.889662742614746
18,1,0.16,extra_trees,0.0,7.980519771575928
24,2,0.02,gradient_boosting,0.0014814814814814838,8.92835021018982
31,3,0.26,extra_trees,0.0014814814814814838,9.134106397628784
22,4,0.02,gradient_boosting,0.0018518518518518602,8.856969356536865
32,5,0.02,extra_trees,0.0018518518518518602,7.557618856430054
25,6,0.04,extra_trees,0.0022222222222221923,7.762155771255493
17,7,0.04,gradient_boosting,0.0022222222222222365,12.645973682403564
30,8,0.02,random_forest,0.0025925925925925687,7.641905784606934
29,9,0.04,gradient_boosting,0.009259259259259255,9.353005170822144
23,10,0.02,mlp,0.009259259259259257,24.344646215438843
26,11,0.06,gradient_boosting,0.011481481481481471,9.873521089553833
19,12,0.08,sgd,0.015555555555555545,6.8713438510894775
28,13,0.08,gradient_boosting,0.2925925925925926,8.667039155960083
21,14,0.06,mlp,0.4688888888888889,20.60282564163208
27,15,0.08,sgd,0.6277777777777778,7.889662742614746
21,1,0.02,gradient_boosting,0.011851851851851846,12.380786180496216
25,2,0.06,gradient_boosting,0.011851851851851846,9.258456230163574
19,3,0.3,extra_trees,0.011851851851851848,7.77912712097168
23,4,0.02,gradient_boosting,0.0125925925925926,9.207966566085815
32,5,0.08,extra_trees,0.012592592592592601,8.59668231010437
33,6,0.04,extra_trees,0.023333333333333362,7.137266635894775
34,7,0.04,gradient_boosting,0.03148148148148147,4.050660610198975
30,8,0.02,gradient_boosting,0.0411111111111111,9.581462621688843
20,9,0.06,sgd,0.04592592592592593,7.395538330078125
24,10,0.18,mlp,0.05037037037037038,24.187845945358276
27,11,0.02,gradient_boosting,0.0540740740740741,9.38532018661499
22,12,0.16,mlp,0.4766666666666667,20.385995626449585
21,1,0.02,gradient_boosting,0.011851851851851846,12.380786180496216
25,2,0.06,gradient_boosting,0.011851851851851846,9.258456230163574
19,3,0.3,extra_trees,0.011851851851851848,7.77912712097168
23,4,0.02,gradient_boosting,0.0125925925925926,9.207966566085815
32,5,0.08,extra_trees,0.012592592592592601,8.59668231010437
33,6,0.04,extra_trees,0.023333333333333362,7.137266635894775
34,7,0.04,gradient_boosting,0.03148148148148147,4.050660610198975
30,8,0.02,gradient_boosting,0.0411111111111111,9.581462621688843
20,9,0.06,sgd,0.04592592592592593,7.395538330078125
24,10,0.18,mlp,0.05037037037037038,24.187845945358276
27,11,0.02,gradient_boosting,0.0540740740740741,9.38532018661499
22,12,0.16,mlp,0.4766666666666667,20.385995626449585
21,1,0.02,gradient_boosting,0.011851851851851846,12.380786180496216
25,2,0.06,gradient_boosting,0.011851851851851846,9.258456230163574
19,3,0.3,extra_trees,0.011851851851851848,7.77912712097168
23,4,0.02,gradient_boosting,0.0125925925925926,9.207966566085815
32,5,0.08,extra_trees,0.012592592592592601,8.59668231010437
33,6,0.04,extra_trees,0.023333333333333362,7.137266635894775
34,7,0.04,gradient_boosting,0.03148148148148147,4.050660610198975
30,8,0.02,gradient_boosting,0.0411111111111111,9.581462621688843
20,9,0.06,sgd,0.04592592592592593,7.395538330078125
24,10,0.18,mlp,0.05037037037037038,24.187845945358276
27,11,0.02,gradient_boosting,0.0540740740740741,9.38532018661499
22,12,0.16,mlp,0.4766666666666667,20.385995626449585
21,1,0.02,gradient_boosting,0.011851851851851846,12.380786180496216
25,2,0.06,gradient_boosting,0.011851851851851846,9.258456230163574
19,3,0.3,extra_trees,0.011851851851851848,7.77912712097168
23,4,0.02,gradient_boosting,0.0125925925925926,9.207966566085815
32,5,0.08,extra_trees,0.012592592592592601,8.59668231010437
33,6,0.04,extra_trees,0.023333333333333362,7.137266635894775
34,7,0.04,gradient_boosting,0.03148148148148147,4.050660610198975
30,8,0.02,gradient_boosting,0.0411111111111111,9.581462621688843
20,9,0.06,sgd,0.04592592592592593,7.395538330078125
24,10,0.18,mlp,0.05037037037037038,24.187845945358276
27,11,0.02,gradient_boosting,0.0540740740740741,9.38532018661499
22,12,0.16,mlp,0.4766666666666667,20.385995626449585
21,1,0.02,gradient_boosting,0.011851851851851846,12.380786180496216
25,2,0.06,gradient_boosting,0.011851851851851846,9.258456230163574
19,3,0.3,extra_trees,0.011851851851851848,7.77912712097168
23,4,0.02,gradient_boosting,0.0125925925925926,9.207966566085815
32,5,0.08,extra_trees,0.012592592592592601,8.59668231010437
33,6,0.04,extra_trees,0.023333333333333362,7.137266635894775
34,7,0.04,gradient_boosting,0.03148148148148147,4.050660610198975
30,8,0.02,gradient_boosting,0.0411111111111111,9.581462621688843
20,9,0.06,sgd,0.04592592592592593,7.395538330078125
24,10,0.18,mlp,0.05037037037037038,24.187845945358276
27,11,0.02,gradient_boosting,0.0540740740740741,9.38532018661499
22,12,0.16,mlp,0.4766666666666667,20.385995626449585
21,1,0.02,gradient_boosting,0.011851851851851846,12.380786180496216
25,2,0.06,gradient_boosting,0.011851851851851846,9.258456230163574
19,3,0.3,extra_trees,0.011851851851851848,7.77912712097168
23,4,0.02,gradient_boosting,0.0125925925925926,9.207966566085815
32,5,0.08,extra_trees,0.012592592592592601,8.59668231010437
33,6,0.04,extra_trees,0.023333333333333362,7.137266635894775
34,7,0.04,gradient_boosting,0.03148148148148147,4.050660610198975
30,8,0.02,gradient_boosting,0.0411111111111111,9.581462621688843
20,9,0.06,sgd,0.04592592592592593,7.395538330078125
24,10,0.18,mlp,0.05037037037037038,24.187845945358276
27,11,0.02,gradient_boosting,0.0540740740740741,9.38532018661499
22,12,0.16,mlp,0.4766666666666667,20.385995626449585
21,1,0.02,gradient_boosting,0.011851851851851846,12.380786180496216
25,2,0.06,gradient_boosting,0.011851851851851846,9.258456230163574
19,3,0.3,extra_trees,0.011851851851851848,7.77912712097168
23,4,0.02,gradient_boosting,0.0125925925925926,9.207966566085815
32,5,0.08,extra_trees,0.012592592592592601,8.59668231010437
33,6,0.04,extra_trees,0.023333333333333362,7.137266635894775
34,7,0.04,gradient_boosting,0.03148148148148147,4.050660610198975
30,8,0.02,gradient_boosting,0.0411111111111111,9.581462621688843
20,9,0.06,sgd,0.04592592592592593,7.395538330078125
24,10,0.18,mlp,0.05037037037037038,24.187845945358276
27,11,0.02,gradient_boosting,0.0540740740740741,9.38532018661499
22,12,0.16,mlp,0.4766666666666667,20.385995626449585
21,1,0.02,gradient_boosting,0.011851851851851846,12.380786180496216
25,2,0.06,gradient_boosting,0.011851851851851846,9.258456230163574
19,3,0.3,extra_trees,0.011851851851851848,7.77912712097168
23,4,0.02,gradient_boosting,0.0125925925925926,9.207966566085815
32,5,0.08,extra_trees,0.012592592592592601,8.59668231010437
33,6,0.04,extra_trees,0.023333333333333362,7.137266635894775
34,7,0.04,gradient_boosting,0.03148148148148147,4.050660610198975
30,8,0.02,gradient_boosting,0.0411111111111111,9.581462621688843
20,9,0.06,sgd,0.04592592592592593,7.395538330078125
24,10,0.18,mlp,0.05037037037037038,24.187845945358276
27,11,0.02,gradient_boosting,0.0540740740740741,9.38532018661499
22,12,0.16,mlp,0.4766666666666667,20.385995626449585
